   Compiling rumoca-core v0.10.0 (/home/jgoppert/git/rumoca/crates/rumoca-core)
   Compiling rumoca-ir-dae v0.10.0 (/home/jgoppert/git/rumoca/crates/rumoca-ir-dae)
# Final ULLBC before control-flow reconstruction:

opaque type ()

// Full name: rumoca_ir_dae::model::view::DaeView
pub struct DaeView<mut 'dae>
where
    RegionOutlives0: 'dae: 'dae,
{
  dae: &'dae Dae,
  marker: PhantomData<&'dae mut &'dae ()>,
}

// Full name: rumoca_ir_dae::model::Dae
pub struct Dae {
  schema_version: u16,
  source_map: SourceMap,
  storage: FrozenStorage,
  active_discrete_scalar_count: usize,
}

// Full name: core::marker::PhantomData
#[lang_item(PhantomData)]
pub struct PhantomData<T> {}

// Full name: rumoca_ir_dae::model::view::DaeVariableRefinementView
pub struct DaeVariableRefinementView {
  entries: Box<[DaeVariableRefinementEntry], Global>,
}

// Full name: alloc::boxed::Box
#[fundamental]
#[lang_item(OwnedBox)]
pub opaque type Box<T, A>

// Full name: rumoca_ir_dae::model::view::DaeVariableRefinementEntry
pub struct DaeVariableRefinementEntry {
  source_occurrence: SourceOccurrenceId,
  role: VariableRole,
  fixed: Fixity,
  variability: ExpressionVariability,
  is_tunable: bool,
  causality: VariableCausality,
  scalar_type: ScalarType,
  dimensions: Box<[u32], Global>,
  scalar_count: usize,
}

// Full name: alloc::alloc::Global
#[lang_item(GlobalAlloc)]
pub struct Global {}

// Full name: alloc::vec::Vec
#[diagnostic_item("Vec")]
pub opaque type Vec<T, A>

// Full name: core::iter::adapters::map::Map
pub opaque type Map<I, F>

// Full name: core::ops::range::Range
#[lang_item(Range)]
pub struct Range<Idx> {
  start: Idx,
  end: Idx,
}

struct rumoca_ir_dae::model::view::{DaeView<'dae>}::variables::closure<'dae, '_1> {
  _0: DaeView<'_1>,
}

// Full name: rumoca_ir_dae::ids::VariableId
pub struct VariableId<mut 'dae>
where
    RegionOutlives0: 'dae: 'dae,
{
  raw: u32,
  brand: PhantomData<&'dae mut &'dae ()>,
}

// Full name: rumoca_ir_dae::model::view::VariableView
pub struct VariableView<mut 'dae>
where
    RegionOutlives0: 'dae: 'dae,
{
  id: VariableId<'dae>,
  entry: &'dae VariableEntry,
  value_type_id: ValueTypeId<'dae>,
  value_type: &'dae ValueType,
  marker: PhantomData<&'dae mut &'dae ()>,
}

struct rumoca_ir_dae::model::view::{DaeView<'dae>}::variable_refinement::closure<'dae> {}

// Full name: rumoca_core::source_map::SourceMap
pub opaque type SourceMap

// Full name: rumoca_ir_dae::model::FrozenStorage
struct FrozenStorage {
  predefined_string_declaration: Option<DefId>,
  value_types: Box<[ValueType], Global>,
  flat_type_ids: Box<[Option<TypeId>], Global>,
  value_type_provenance: Box<[DaeProvenance], Global>,
  variables: Box<[VariableEntry], Global>,
  functions: Box<[FunctionEntry], Global>,
  function_folds: Box<[FunctionFoldEntry], Global>,
  domains: Box<[DomainEntry], Global>,
  expressions: FrozenExpressionArenaStorage,
  continuous_equations: Box<[ResidualEquationEntry], Global>,
  initialization_equations: Box<[ResidualEquationEntry], Global>,
  initial_discrete_values: Box<[InitialDiscreteValueEntry], Global>,
  discrete_real_equations: Box<[DiscreteRealEquationEntry], Global>,
  discrete_value_owners: Box<[DiscreteValueOwnerEntry], Global>,
  discrete_value_targets: Box<[u32], Global>,
  discrete_value_branches: Box<[DiscreteValueBranchEntry], Global>,
  discrete_value_branch_values: Box<[u32], Global>,
  discrete_value_branch_value_provenance: Box<[DaeProvenance], Global>,
  model_event_transactions: Box<[ModelEventTransactionEntry], Global>,
  continuous_families: Box<[StructuredFamilyEntry], Global>,
  initialization_families: Box<[StructuredFamilyEntry], Global>,
  continuous_equation_owners: Box<[EquationOwnerEntry], Global>,
  initialization_equation_owners: Box<[EquationOwnerEntry], Global>,
  equation_family_bodies: Box<[u32], Global>,
  relations: Box<[RelationEntry], Global>,
  conditions: Box<[ConditionEntry], Global>,
  roots: Box<[RootEntry], Global>,
  runtime_quotient_owners: Box<[RuntimeQuotientOwnerEntry], Global>,
  structured_roots: Box<[StructuredRootEntry], Global>,
  time_events: Box<[TimeEventEntry], Global>,
  event_actions: Box<[EventActionEntry], Global>,
  clocks: Box<[ClockEntry], Global>,
  clock_ownerships: Box<[ClockOwnershipEntry], Global>,
  previous_values: Box<[PreviousEntry], Global>,
  terminals: Box<[TerminalEntry], Global>,
  delays: Box<[DelayEntry], Global>,
  callable_inventory: CallableSourceInventory,
}

// Full name: rumoca_core::ir_primitives::SourceOccurrenceId
#[serde(transparent)]
pub opaque type SourceOccurrenceId

// Full name: rumoca_ir_dae::model::VariableRole
#[serde(rename_all = "snake_case")]
pub enum VariableRole {
  Parameter,
  Constant,
  Input,
  State,
  Algebraic,
  Output,
  DiscreteReal,
  DiscreteValue,
}

// Full name: rumoca_core::ir_primitives::Fixity
#[serde(from = "bool", into = "bool")]
pub enum Fixity {
  Fixed,
  Free,
}

// Full name: rumoca_ir_dae::expression::value_types::ExpressionVariability
#[serde(rename_all = "snake_case")]
pub enum ExpressionVariability {
  Constant,
  Parameter,
  Discrete,
  Continuous,
}

// Full name: rumoca_ir_dae::model::VariableCausality
#[serde(rename_all = "snake_case")]
pub enum VariableCausality {
  Input,
  Output,
  Parameter,
  CalculatedParameter,
  Independent,
  Local,
}

// Full name: rumoca_ir_dae::expression::value_types::ScalarType
#[serde(rename_all = "snake_case")]
pub enum ScalarType {
  Real,
  Integer,
  Enumeration,
  Boolean,
  String,
  Record,
}

// Full name: rumoca_ir_dae::model::VariableEntry
#[serde(deny_unknown_fields)]
struct VariableEntry {
  name: VarName,
  source_occurrence: SourceOccurrenceId,
  role: VariableRole,
  variability: ExpressionVariability,
  value_type: u32,
  declaration: DaeProvenance,
  attributes: Option<VariableAttributesWire>,
}

// Full name: rumoca_ir_dae::ids::ValueTypeId
pub struct ValueTypeId<mut 'dae>
where
    RegionOutlives0: 'dae: 'dae,
{
  raw: u32,
  brand: PhantomData<&'dae mut &'dae ()>,
}

// Full name: rumoca_ir_dae::expression::value_types::ValueType
#[serde(deny_unknown_fields)]
pub struct ValueType {
  scalar: ScalarType,
  dimensions: Box<[u32], Global>,
  record_name: Option<VarName>,
  record_fields: Box<[RecordFieldType], Global>,
}

// Full name: core::option::Option
#[lang_item(Option)]
#[diagnostic_item("Option")]
pub enum Option<T> {
  None,
  Some { _0: T },
}

// Full name: core::result::Result
#[diagnostic_item("Result")]
pub enum Result<T, E> {
  Ok { _0: T },
  Err { _0: E },
}

// Full name: core::array::iter::IntoIter
#[diagnostic_item("ArrayIntoIter")]
pub opaque type IntoIter<T, const N : usize>

// Full name: core::num::nonzero::NonZero
#[diagnostic_item("NonZero")]
pub opaque type NonZero<T>
where
    TraitClause0: (T: ZeroablePrimitive),

// Full name: core::iter::adapters::step_by::StepBy
pub opaque type StepBy<I>

// Full name: core::iter::adapters::chain::Chain
pub opaque type Chain<A, B>

// Full name: core::iter::adapters::zip::Zip
pub opaque type Zip<A, B>

// Full name: core::iter::adapters::intersperse::Intersperse
pub opaque type Intersperse<I>
where
    TraitClause0: (I: Iterator),
    TraitClause1: (TraitClause0::Item: Clone),

// Full name: core::iter::adapters::intersperse::IntersperseWith
pub opaque type IntersperseWith<I, G>
where
    TraitClause0: (I: Iterator),

// Full name: core::iter::adapters::filter::Filter
pub opaque type Filter<I, P>

// Full name: core::iter::adapters::filter_map::FilterMap
pub opaque type FilterMap<I, F>

// Full name: core::iter::adapters::enumerate::Enumerate
#[diagnostic_item("Enumerate")]
pub opaque type Enumerate<I>

// Full name: core::iter::adapters::peekable::Peekable
#[diagnostic_item("IterPeekable")]
pub opaque type Peekable<I>
where
    TraitClause0: (I: Iterator),

// Full name: core::iter::adapters::skip_while::SkipWhile
pub opaque type SkipWhile<I, P>

// Full name: core::iter::adapters::take_while::TakeWhile
pub opaque type TakeWhile<I, P>

// Full name: core::iter::adapters::map_while::MapWhile
pub opaque type MapWhile<I, P>

// Full name: core::iter::adapters::skip::Skip
pub opaque type Skip<I>

// Full name: core::iter::adapters::take::Take
pub opaque type Take<I>

// Full name: core::iter::adapters::scan::Scan
pub opaque type Scan<I, St, F>

// Full name: core::iter::adapters::flatten::FlatMap
pub opaque type FlatMap<I, U, F>
where
    TraitClause0: (U: IntoIterator),

// Full name: core::iter::adapters::flatten::Flatten
pub opaque type Flatten<I>
where
    TraitClause0: (I: Iterator),
    TraitClause1: (TraitClause0::Item: IntoIterator),

// Full name: core::iter::adapters::map_windows::MapWindows
pub opaque type MapWindows<I, F, const N : usize>
where
    TraitClause0: (I: Iterator),

// Full name: core::iter::adapters::fuse::Fuse
pub opaque type Fuse<I>

// Full name: core::iter::adapters::inspect::Inspect
pub opaque type Inspect<I, F>

// Full name: core::cmp::Ordering
#[lang_item(OrderingEnum)]
pub enum Ordering {
  Less,
  Equal,
  Greater,
}

// Full name: core::iter::adapters::rev::Rev
pub opaque type Rev<T>

// Full name: core::iter::adapters::copied::Copied
pub opaque type Copied<I>

// Full name: core::iter::adapters::cloned::Cloned
pub opaque type Cloned<I>

// Full name: core::iter::adapters::cycle::Cycle
pub opaque type Cycle<I>

// Full name: core::iter::adapters::array_chunks::ArrayChunks
pub opaque type ArrayChunks<I, const N : usize>
where
    TraitClause0: (I: Iterator),

// Full name: rumoca_core::ir_primitives::DefId
pub struct DefId {
  _0: u32,
}

// Full name: rumoca_core::ir_primitives::TypeId
pub struct TypeId {
  _0: u32,
}

// Full name: rumoca_ir_dae::provenance::DaeProvenance
pub struct DaeProvenance {
  origin: DaeProvenanceOrigin,
  span: ProvenanceSpan,
}

// Full name: rumoca_ir_dae::model::FunctionEntry
struct FunctionEntry {
  name: VarName,
  parameters: Vec<u32, Global>,
  results: Vec<u32, Global>,
  parameter_values: Vec<FunctionParameterEntry, Global>,
  values: Vec<FunctionValueEntry, Global>,
  output_values: Vec<u32, Global>,
  definitions: Vec<FunctionDefinitionEntry, Global>,
  definition_scopes: Vec<Option<u32>, Global>,
  folds: Vec<u32, Global>,
  declaration: DaeProvenance,
  inline: InlineAnnotation,
  definition: Option<FunctionBodyEntry>,
  build: Option<FunctionBuildState>,
}

// Full name: rumoca_ir_dae::model::FunctionFoldEntry
struct FunctionFoldEntry {
  function: u32,
  ordinal: u32,
  parent: Option<u32>,
  domain: u32,
  targets: Vec<u32, Global>,
  iteration_locals: Vec<u32, Global>,
  parameter_definitions: Vec<u32, Global>,
  initial_definitions: Vec<u32, Global>,
  update_definitions: Vec<u32, Global>,
  output_definitions: Vec<u32, Global>,
  provenance: DaeProvenance,
}

// Full name: rumoca_ir_dae::model::DomainEntry
#[serde(deny_unknown_fields)]
struct DomainEntry {
  parent: Option<u32>,
  domain: StructuredIndexDomain,
  extents: Box<[u32], Global>,
  scalar_count: u32,
  provenance: DaeProvenance,
}

// Full name: rumoca_ir_dae::expression::arena::FrozenExpressionArenaStorage
struct FrozenExpressionArenaStorage {
  nodes: Box<[ExprNode], Global>,
  provenance: Box<[DaeProvenance], Global>,
  value_types: Box<[u32], Global>,
  variability: Box<[ExpressionVariability], Global>,
  binder_domains: Box<[Option<u32>], Global>,
  function_scopes: Box<[Option<u32>], Global>,
  operands: Box<[u32], Global>,
  subscripts: Box<[PackedSubscript], Global>,
}

// Full name: rumoca_ir_dae::equations::ResidualEquationEntry
#[serde(deny_unknown_fields)]
struct ResidualEquationEntry {
  residual: u32,
  provenance: DaeProvenance,
}

// Full name: rumoca_ir_dae::equations::InitialDiscreteValueEntry
#[serde(deny_unknown_fields)]
struct InitialDiscreteValueEntry {
  target: u32,
  value: u32,
  provenance: DaeProvenance,
}

// Full name: rumoca_ir_dae::equations::DiscreteRealEquationEntry
#[serde(deny_unknown_fields)]
struct DiscreteRealEquationEntry {
  residual: u32,
  activation: DiscreteRealActivationEntry,
  provenance: DaeProvenance,
}

// Full name: rumoca_ir_dae::discrete_values::DiscreteValueOwnerEntry
#[serde(deny_unknown_fields)]
struct DiscreteValueOwnerEntry {
  targets: PackedRange,
  branches: PackedRange,
  structure: Option<StructuredDiscreteValueEntry>,
  provenance: DaeProvenance,
}

// Full name: rumoca_ir_dae::discrete_values::DiscreteValueBranchEntry
#[serde(deny_unknown_fields)]
struct DiscreteValueBranchEntry {
  activation: DiscreteBranchActivationEntry,
  values: PackedRange,
  provenance: DaeProvenance,
}

// Full name: rumoca_ir_dae::model_event_transactions::ModelEventTransactionEntry
#[serde(deny_unknown_fields)]
struct ModelEventTransactionEntry {
  targets: Vec<ModelEventTargetEntry, Global>,
  steps: Vec<ModelEventStepEntry, Global>,
  provenance: DaeProvenance,
}

// Full name: rumoca_ir_dae::equations::StructuredFamilyEntry
#[serde(deny_unknown_fields)]
struct StructuredFamilyEntry {
  domain: u32,
  scalar_view: ComprehensionScalarView,
  bodies: FamilyBodyRange,
  scalar_rows: u32,
  provenance: DaeProvenance,
}

// Full name: rumoca_ir_dae::equations::EquationOwnerEntry
#[serde(rename_all = "snake_case")]
enum EquationOwnerEntry {
  Residual { _0: u32 },
  Structured { _0: u32 },
}

// Full name: rumoca_ir_dae::conditions::RelationEntry
#[serde(deny_unknown_fields)]
struct RelationEntry {
  expression: u32,
  provenance: DaeProvenance,
}

// Full name: rumoca_ir_dae::conditions::ConditionEntry
#[serde(deny_unknown_fields)]
struct ConditionEntry {
  node: Option<ConditionNode>,
  provenance: DaeProvenance,
}

// Full name: rumoca_ir_dae::conditions::RootEntry
#[serde(deny_unknown_fields)]
struct RootEntry {
  relation: u32,
  activation: u32,
  provenance: DaeProvenance,
}

// Full name: rumoca_ir_dae::model::runtime_quotients::RuntimeQuotientOwnerEntry
struct RuntimeQuotientOwnerEntry {
  quotient: u32,
  builtin: PureBuiltin,
  kind: QuotientOwnerKind,
}

// Full name: rumoca_ir_dae::conditions::StructuredRootEntry
#[serde(deny_unknown_fields)]
struct StructuredRootEntry {
  domain: u32,
  expression: u32,
  provenance: DaeProvenance,
}

// Full name: rumoca_ir_dae::events::TimeEventEntry
#[serde(deny_unknown_fields)]
struct TimeEventEntry {
  kind: TimeEventKind,
  provenance: DaeProvenance,
}

// Full name: rumoca_ir_dae::events::EventActionEntry
#[serde(deny_unknown_fields)]
struct EventActionEntry {
  trigger: u32,
  guard: u32,
  kind: EventActionKind,
  provenance: DaeProvenance,
}

// Full name: rumoca_ir_dae::clocks::ClockEntry
#[serde(deny_unknown_fields)]
struct ClockEntry {
  kind: ClockKind,
  provenance: DaeProvenance,
}

// Full name: rumoca_ir_dae::clocks::ClockOwnershipEntry
#[serde(deny_unknown_fields)]
struct ClockOwnershipEntry {
  variable: u32,
  kind: ClockedVariableKind,
  clock: u32,
  sampled: bool,
  provenance: DaeProvenance,
}

// Full name: rumoca_ir_dae::temporal::PreviousEntry
#[serde(deny_unknown_fields)]
struct PreviousEntry {
  variable: u32,
  clock: u32,
  provenance: DaeProvenance,
}

// Full name: rumoca_ir_dae::temporal::TerminalEntry
#[serde(deny_unknown_fields)]
struct TerminalEntry {
  provenance: DaeProvenance,
}

// Full name: rumoca_ir_dae::temporal::DelayEntry
#[serde(deny_unknown_fields)]
struct DelayEntry {
  source: u32,
  kind: DelayKind,
  provenance: DaeProvenance,
}

// Full name: rumoca_ir_dae::model::callable_inventory::CallableSourceInventory
struct CallableSourceInventory {
  regions: CallableRegionInventory,
  functions: Box<[CallableFunctionEntry], Global>,
  expressions: Box<[CallableExpressionEntry], Global>,
  definitions: Box<[CallableDefinitionEntry], Global>,
  assertions: Box<[CallableAssertionEntry], Global>,
  conditionals: Box<[CallableConditionalEntry], Global>,
  calls: Box<[CallableCallEntry], Global>,
  call_offsets: Box<[usize], Global>,
  folds: Box<[CallableFoldEntry], Global>,
}

struct str {
  _0: [u8],
}

// Full name: rumoca_core::ir_primitives::var_name::VarName
pub opaque type VarName

// Full name: rumoca_ir_dae::model::VariableAttributesWire
#[serde(deny_unknown_fields)]
struct VariableAttributesWire {
  component_ref: Option<ComponentReference>,
  binding: Option<u32>,
  start: Option<u32>,
  fixed: Fixity,
  min: Option<u32>,
  max: Option<u32>,
  nominal: Option<u32>,
  unit: Option<String>,
  state_select: StateSelect,
  description: Option<String>,
  causality: VariableCausality,
  is_tunable: bool,
  is_held: bool,
  origin: VariableOrigin,
}

// Full name: rumoca_ir_dae::expression::value_types::RecordFieldType
#[serde(deny_unknown_fields)]
struct RecordFieldType {
  name: VarName,
  value_type: u32,
}

// Full name: core::num::niche_types::NonZeroUsizeInner
pub opaque type NonZeroUsizeInner

// Full name: core::ops::control_flow::ControlFlow
#[diagnostic_item("ControlFlow")]
pub enum ControlFlow<B, C> {
  Continue { _0: C },
  Break { _0: B },
}

// Full name: rumoca_ir_dae::provenance::DaeProvenanceOrigin
#[serde(rename_all = "snake_case")]
pub enum DaeProvenanceOrigin {
  Source,
  Generated { _0: DaeGeneration },
}

// Full name: rumoca_core::ir_primitives::ProvenanceSpan
pub opaque type ProvenanceSpan

// Full name: rumoca_ir_dae::model::FunctionParameterEntry
struct FunctionParameterEntry {
  name: VarName,
  value_type: u32,
  declaration: DaeProvenance,
}

// Full name: rumoca_ir_dae::model::FunctionValueEntry
struct FunctionValueEntry {
  name: VarName,
  value_type: u32,
  role: FunctionValueRole,
  declaration: DaeProvenance,
}

// Full name: rumoca_ir_dae::model::FunctionDefinitionEntry
struct FunctionDefinitionEntry {
  target: u32,
  rhs: u32,
  provenance: DaeProvenance,
}

// Full name: rumoca_core::ir_primitives::InlineAnnotation
pub enum InlineAnnotation {
  Unstated,
  Requested,
  Never,
}

// Full name: rumoca_ir_dae::model::FunctionBodyEntry
enum FunctionBodyEntry {
  Modelica { _0: FunctionDefinitionWire },
  External { _0: ExternalBodyEntry },
}

// Full name: rumoca_ir_dae::model::FunctionBuildState
struct FunctionBuildState {
  current_values: Vec<Option<u32>, Global>,
  statements: Vec<FunctionStatementWire, Global>,
  carried_targets: HashSet<u32, FxBuildHasher, Global>,
  iteration_local_targets: HashSet<u32, FxBuildHasher, Global>,
  active_fold: Option<u32>,
}

// Full name: rumoca_core::structured_domain::StructuredIndexDomain
pub struct StructuredIndexDomain {
  binders: Vec<StructuredIndexBinder, Global>,
}

// Full name: rumoca_ir_dae::expression::nodes::ExprNode
#[serde(rename_all = "snake_case")]
enum ExprNode {
  Literal { _0: DaeLiteral },
  Coordinate { _0: Coordinate },
  Unary { operator: UnaryOperator, operand: u32 },
  Binary { operator: BinaryOperator, lhs: u32, rhs: u32 },
  Conditional { operands: OperandRange },
  Array { operands: OperandRange },
  Record { operands: OperandRange },
  Field { base: u32, field: u32 },
  Range { start: u32, explicit_step: Option<u32>, stop: u32 },
  Comprehension { domain: u32, body: u32 },
  Index { base: u32, subscripts: OperandRange },
  ArrayUpdate { base: u32, value: u32, subscripts: OperandRange },
  Builtin { builtin: PureBuiltin, operands: OperandRange },
  Call { owner: u32, function: u32, output: u32, operands: OperandRange },
  StringConversion { declaration: DefId, value: u32, minimum_length: Option<u32>, left_justified: Option<u32>, significant_digits: Option<u32>, format: Option<u32> },
  FunctionValue { function: u32, value: u32, definition_ordinal: u32 },
  FunctionFoldParameter { function: u32, fold: u32, carried: u32, definition_ordinal: u32 },
  FunctionFoldOutput { function: u32, fold: u32, carried: u32, definition_ordinal: u32 },
  ClockTransfer { kind: ClockTransferKind, source: u32, source_clock: u32, target_clock: u32 },
}

// Full name: rumoca_ir_dae::expression::nodes::PackedSubscript
#[serde(deny_unknown_fields)]
struct PackedSubscript {
  kind: PackedSubscriptKind,
  provenance: DaeProvenance,
}

// Full name: rumoca_ir_dae::equations::DiscreteRealActivationEntry
#[serde(rename_all = "snake_case")]
enum DiscreteRealActivationEntry {
  Always,
  When { trigger: u32, guard: u32 },
}

// Full name: rumoca_ir_dae::discrete_values::PackedRange
struct PackedRange {
  start: u32,
  len: u32,
}

// Full name: rumoca_ir_dae::discrete_values::StructuredDiscreteValueEntry
#[serde(deny_unknown_fields)]
struct StructuredDiscreteValueEntry {
  domain: u32,
  scalar_view: ComprehensionScalarView,
  scalar_rows: u32,
}

// Full name: rumoca_ir_dae::discrete_values::DiscreteBranchActivationEntry
#[serde(rename_all = "snake_case")]
enum DiscreteBranchActivationEntry {
  Always,
  When { trigger: u32, guard: u32 },
}

// Full name: rumoca_ir_dae::model_event_transactions::ModelEventTargetEntry
#[serde(rename_all = "snake_case", tag = "kind", content = "variable")]
enum ModelEventTargetEntry {
  DiscreteReal { _0: u32 },
  DiscreteValue { _0: u32 },
}

// Full name: rumoca_ir_dae::model_event_transactions::ModelEventStepEntry
#[serde(deny_unknown_fields)]
struct ModelEventStepEntry {
  trigger: u32,
  guard: u32,
  clock: Option<u32>,
  definitions: Vec<ModelEventDefinitionEntry, Global>,
  provenance: DaeProvenance,
}

// Full name: rumoca_core::structured_domain::ComprehensionScalarView
pub enum ComprehensionScalarView {
  BinderSubstitution,
  RowMajorProjection,
  BinderPrefixProjection { binder_count: u32 },
}

// Full name: rumoca_ir_dae::equations::FamilyBodyRange
#[serde(deny_unknown_fields)]
struct FamilyBodyRange {
  start: u32,
  len: u32,
}

// Full name: rumoca_ir_dae::conditions::ConditionNode
#[serde(rename_all = "snake_case")]
enum ConditionNode {
  Initial,
  Always,
  Relation { _0: u32 },
  Discrete { _0: u32 },
  Clock { _0: u32 },
  Not { _0: u32 },
  And { lhs: u32, rhs: u32 },
  Or { lhs: u32, rhs: u32 },
  AnyRise { lhs: u32, rhs: u32 },
}

// Full name: rumoca_ir_dae::expression::nodes::PureBuiltin
#[serde(rename_all = "snake_case")]
pub enum PureBuiltin {
  Abs,
  Sign,
  Sqrt,
  Div,
  Mod,
  Rem,
  Floor,
  Ceil,
  Integer,
  Sin,
  Cos,
  Tan,
  Asin,
  Acos,
  Atan,
  Atan2,
  Sinh,
  Cosh,
  Tanh,
  Exp,
  Log,
  Log10,
  Smooth,
  NoEvent,
  Homotopy,
  Min,
  Max,
  Sum,
  Product,
  Size,
  Zeros,
  Ones,
  Fill,
  Linspace,
  Cross,
  PromotedCat1,
  PromotedCat2,
  Identity,
  Vector,
  Transpose,
  Diagonal,
  OuterProduct,
  Skew,
}

// Full name: rumoca_ir_dae::model::runtime_quotients::QuotientOwnerKind
enum QuotientOwnerKind {
  ModelEvent { generated: [u32; 6usize], relation: u32, activation: u32, root: u32 },
  FunctionBody { function: u32 },
}

// Full name: rumoca_ir_dae::events::TimeEventKind
#[serde(untagged)]
enum TimeEventKind {
  Static { instant: ClockRational },
  Dynamic { deadline: u32 },
}

// Full name: rumoca_ir_dae::events::EventActionKind
#[serde(rename_all = "snake_case")]
enum EventActionKind {
  Assert { message: u32, level: Option<u32> },
  Terminate { message: u32 },
  Reinitialize { state: u32, value: u32 },
}

// Full name: rumoca_ir_dae::clocks::ClockKind
#[serde(rename_all = "snake_case")]
enum ClockKind {
  Periodic { _0: PeriodicClockSchedule },
  Triggered { _0: u32 },
}

// Full name: rumoca_ir_dae::clocks::ClockedVariableKind
pub enum ClockedVariableKind {
  DiscreteReal,
  DiscreteValue,
}

// Full name: rumoca_ir_dae::temporal::DelayKind
#[serde(rename_all = "snake_case")]
enum DelayKind {
  ParameterDelay { delay_time: PositiveParameterEntry },
  BoundedDelay { delay_time: u32, delay_max: PositiveParameterEntry },
}

// Full name: rumoca_ir_dae::model::callable_regions::CallableRegionInventory
struct CallableRegionInventory {
  regions: Box<[CallableRegionEntry], Global>,
  expression_uses: Box<[CallableExpressionUseEntry], Global>,
  call_uses: Box<[CallableCallUseEntry], Global>,
  captures: Box<[CallableCaptureEntry], Global>,
  external_bodies: Box<[CallableExternalBodyEntry], Global>,
  conditional_groups: Box<[CallableConditionalRegionsEntry], Global>,
  expression_conditionals: Box<[CallableExpressionConditionalRegionsEntry], Global>,
  fold_bodies: Box<[CallableFoldBodyEntry], Global>,
  map_bodies: Box<[CallableMapBodyEntry], Global>,
}

// Full name: rumoca_ir_dae::model::callable_inventory::CallableFunctionEntry
struct CallableFunctionEntry {
  function: u32,
  provenance: DaeProvenance,
}

// Full name: rumoca_ir_dae::model::callable_inventory::CallableExpressionEntry
struct CallableExpressionEntry {
  function: u32,
  expression: u32,
  provenance: DaeProvenance,
}

// Full name: rumoca_ir_dae::model::callable_inventory::CallableDefinitionEntry
struct CallableDefinitionEntry {
  function: u32,
  definition: u32,
  provenance: DaeProvenance,
}

// Full name: rumoca_ir_dae::model::callable_inventory::CallableAssertionEntry
struct CallableAssertionEntry {
  function: u32,
  assertion: u32,
  condition: u32,
  message: u32,
  provenance: DaeProvenance,
}

// Full name: rumoca_ir_dae::model::callable_inventory::CallableConditionalEntry
struct CallableConditionalEntry {
  function: u32,
  conditional: u32,
  definitions: Box<[u32], Global>,
  conditions: Box<[u32], Global>,
  branches: Box<[Box<[u32], Global>], Global>,
  fallback: Box<[u32], Global>,
  provenance: DaeProvenance,
}

// Full name: rumoca_ir_dae::model::callable_inventory::CallableCallEntry
struct CallableCallEntry {
  function: u32,
  call: u32,
  owner: u32,
  projections: Box<[CallableCallProjectionEntry], Global>,
  provenance: DaeProvenance,
}

// Full name: rumoca_ir_dae::model::callable_inventory::CallableFoldEntry
struct CallableFoldEntry {
  function: u32,
  fold: u32,
  provenance: DaeProvenance,
}

// Full name: core::convert::Infallible
pub enum Infallible {
}

// Full name: core::num::error::TryFromIntError
pub opaque type TryFromIntError

struct rumoca_ir_dae::model::view::{DaeView<'dae>}::variable_id::closure<'dae, '_1> {
  _0: &'_1 u32,
}

// Full name: rumoca_core::ir_primitives::component_refs_and_functions::ComponentReference
pub opaque type ComponentReference

// Full name: alloc::string::String
#[lang_item(String)]
pub opaque type String

// Full name: rumoca_core::ir_primitives::StateSelect
pub enum StateSelect {
  Default,
  Never,
  Avoid,
  Prefer,
  Always,
}

// Full name: rumoca_ir_dae::model::VariableOrigin
#[serde(rename_all = "snake_case")]
pub enum VariableOrigin {
  Source,
  Generated,
}

// Full name: rumoca_ir_dae::provenance::DaeGeneration
#[serde(rename_all = "snake_case")]
pub enum DaeGeneration {
  SyntheticResidual,
  BindingEquation,
  ConnectionEquation,
  FlowBalanceEquation,
  AlgorithmEquation,
  DiscreteUpdate,
  ConditionLowering,
  PreValueLowering,
  ClockLowering,
  DelayLowering,
  SemiLinearLowering,
  TerminalLowering,
  EventActionLowering,
  InitializationEquation,
  DefaultStart,
  ArrayEquationProjection,
  RecordEquationProjection,
  FunctionLoopLowering,
  FunctionConditionLowering,
  FunctionAggregateLowering,
  DerivedParameterLowering,
  IndexReduction,
  AliasElimination,
  RuntimeDiscontinuity,
}

// Full name: rumoca_ir_dae::model::FunctionValueRole
#[serde(rename_all = "snake_case")]
pub enum FunctionValueRole {
  Output,
  Local,
}

// Full name: rumoca_ir_dae::model::FunctionDefinitionWire
struct FunctionDefinitionWire {
  statements: Vec<FunctionStatementWire, Global>,
  results: Vec<u32, Global>,
}

// Full name: rumoca_ir_dae::model::external_functions::ExternalBodyEntry
struct ExternalBodyEntry {
  purity: FunctionPurity,
  language: ExternalLanguage,
  symbol: VarName,
  arguments: Vec<ExternalArgumentEntry, Global>,
  result: Option<u32>,
  linkage: ExternalLinkage,
  provenance: DaeProvenance,
}

// Full name: rumoca_ir_dae::model::FunctionStatementWire
enum FunctionStatementWire {
  Assignment { definition: u32 },
  AssignmentGroup { definitions: Vec<u32, Global>, conditional: Option<FunctionConditionalWire> },
  Assertion { condition: u32, message: u32, provenance: DaeProvenance },
  For { fold: u32, statements: Vec<FunctionStatementWire, Global>, provenance: DaeProvenance },
}

// Full name: std::collections::hash::set::HashSet
#[diagnostic_item("HashSet")]
pub opaque type HashSet<T, S, A>

// Full name: rustc_hash::FxBuildHasher
pub struct FxBuildHasher {}

// Full name: rumoca_core::structured_domain::StructuredIndexBinder
pub struct StructuredIndexBinder {
  id: StructuredIndexBinderId,
  display_name: String,
  lower: i64,
  upper: i64,
  step: i64,
}

// Full name: rumoca_ir_dae::expression::value_types::DaeLiteral
#[serde(rename_all = "snake_case")]
pub enum DaeLiteral {
  Real { _0: f64 },
  Integer { _0: i64 },
  Enumeration { _0: i64 },
  Boolean { _0: bool },
  String { _0: String },
}

// Full name: rumoca_ir_dae::expression::nodes::Coordinate
#[serde(rename_all = "snake_case")]
enum Coordinate {
  Parameter { _0: u32 },
  Input { _0: u32 },
  State { _0: u32 },
  Derivative { _0: u32 },
  Algebraic { _0: u32 },
  DiscreteReal { _0: u32 },
  DiscreteValue { _0: u32 },
  PreDiscreteReal { _0: u32 },
  PreDiscreteValue { _0: u32 },
  Time,
  ClockInterval { _0: u32 },
  Condition { _0: u32 },
  Delay { _0: u32 },
  Previous { _0: u32 },
  Terminal { _0: u32 },
  Binder { domain: u32, ordinal: u32 },
  FunctionParameter { function: u32, ordinal: u32 },
  PreState { _0: u32 },
  PreAlgebraic { _0: u32 },
}

// Full name: rumoca_ir_dae::expression::nodes::UnaryOperator
#[serde(rename_all = "snake_case")]
pub enum UnaryOperator {
  Plus,
  Negate,
  Not,
}

// Full name: rumoca_ir_dae::expression::nodes::BinaryOperator
#[serde(rename_all = "snake_case")]
pub enum BinaryOperator {
  Add,
  Subtract,
  Multiply,
  Divide,
  Power,
  ElementwiseAdd,
  ElementwiseSubtract,
  ElementwiseMultiply,
  ElementwiseDivide,
  ElementwisePower,
  Equal,
  NotEqual,
  Less,
  LessEqual,
  Greater,
  GreaterEqual,
  And,
  Or,
}

// Full name: rumoca_ir_dae::expression::arena::OperandRange
struct OperandRange {
  start: u32,
  len: u32,
}

// Full name: rumoca_ir_dae::clocks::ClockTransferKind
#[serde(rename_all = "snake_case")]
pub enum ClockTransferKind {
  SubSample { factor: i64 },
  SuperSample { factor: i64 },
  ShiftSample { counter: i64, resolution: i64 },
  BackSample { counter: i64, resolution: i64 },
}

// Full name: rumoca_ir_dae::expression::nodes::PackedSubscriptKind
#[serde(rename_all = "snake_case")]
enum PackedSubscriptKind {
  Index { _0: u32 },
  Whole,
  Slice { _0: u32 },
}

// Full name: rumoca_ir_dae::model_event_transactions::ModelEventDefinitionEntry
#[serde(deny_unknown_fields)]
struct ModelEventDefinitionEntry {
  target: ModelEventTargetEntry,
  value: u32,
  provenance: DaeProvenance,
}

// Full name: rumoca_core::clock_lattice::ClockRational
pub opaque type ClockRational

// Full name: rumoca_core::clock_lattice::PeriodicClockSchedule
pub opaque type PeriodicClockSchedule

// Full name: rumoca_ir_dae::temporal::PositiveParameterEntry
#[serde(deny_unknown_fields)]
struct PositiveParameterEntry {
  expression: u32,
  value: f64,
  provenance: DaeProvenance,
}

// Full name: rumoca_ir_dae::model::callable_regions::CallableRegionEntry
struct CallableRegionEntry {
  function: u32,
  parent: Option<u32>,
  activation: CallableRegionActivationEntry,
  kind: CallableRegionKindEntry,
  provenance: DaeProvenance,
}

// Full name: rumoca_ir_dae::model::callable_regions::CallableExpressionUseEntry
struct CallableExpressionUseEntry {
  function: u32,
  region: u32,
  expression: u32,
  operands: Box<[u32], Global>,
  provenance: DaeProvenance,
}

// Full name: rumoca_ir_dae::model::callable_regions::CallableCallUseEntry
struct CallableCallUseEntry {
  function: u32,
  region: u32,
  owner: u32,
  projections: Box<[CallableCallProjectionUseEntry], Global>,
  provenance: DaeProvenance,
}

// Full name: rumoca_ir_dae::model::callable_regions::CallableCaptureEntry
struct CallableCaptureEntry {
  function: u32,
  source_region: u32,
  region: u32,
  expression_use: u32,
  source: CallableCaptureSourceEntry,
  provenance: DaeProvenance,
}

// Full name: rumoca_ir_dae::model::callable_regions::CallableExternalBodyEntry
struct CallableExternalBodyEntry {
  function: u32,
  region: u32,
  provenance: DaeProvenance,
}

// Full name: rumoca_ir_dae::model::callable_regions::CallableConditionalRegionsEntry
struct CallableConditionalRegionsEntry {
  function: u32,
  conditional: u32,
  parent: u32,
  guards: Box<[u32], Global>,
  results: Box<[u32], Global>,
  fallback: u32,
  provenance: DaeProvenance,
}

// Full name: rumoca_ir_dae::model::callable_regions::CallableExpressionConditionalRegionsEntry
struct CallableExpressionConditionalRegionsEntry {
  function: u32,
  expression_use: u32,
  parent: u32,
  guards: Box<[u32], Global>,
  results: Box<[u32], Global>,
  fallback: u32,
  provenance: DaeProvenance,
}

// Full name: rumoca_ir_dae::model::callable_regions::CallableFoldBodyEntry
struct CallableFoldBodyEntry {
  function: u32,
  fold: u32,
  parent: u32,
  body: u32,
  provenance: DaeProvenance,
}

// Full name: rumoca_ir_dae::model::callable_regions::CallableMapBodyEntry
struct CallableMapBodyEntry {
  function: u32,
  expression_use: u32,
  domain: u32,
  parent: u32,
  body: u32,
  provenance: DaeProvenance,
}

// Full name: rumoca_ir_dae::model::callable_inventory::CallableCallProjectionEntry
struct CallableCallProjectionEntry {
  expression: u32,
  output: u32,
  provenance: DaeProvenance,
}

// Full name: core::fmt::Arguments
#[lang_item(FormatArguments)]
pub opaque type Arguments<'a>

// Full name: rumoca_ir_dae::model::external_functions::FunctionPurity
#[serde(rename_all = "snake_case")]
pub enum FunctionPurity {
  Pure,
  Impure,
}

// Full name: rumoca_ir_dae::model::external_functions::ExternalLanguage
#[serde(rename_all = "snake_case")]
pub enum ExternalLanguage {
  C,
  Fortran77,
  Builtin,
}

// Full name: rumoca_ir_dae::model::external_functions::ExternalArgumentEntry
#[serde(rename_all = "snake_case", deny_unknown_fields)]
enum ExternalArgumentEntry {
  Input { _0: u32 },
  Output { _0: u32 },
}

// Full name: rumoca_ir_dae::model::external_functions::ExternalLinkage
#[serde(deny_unknown_fields)]
pub struct ExternalLinkage {
  libraries: Box<[String], Global>,
  include: Option<String>,
  include_directory: Option<String>,
  library_directory: Option<String>,
}

// Full name: rumoca_ir_dae::model::FunctionConditionalWire
struct FunctionConditionalWire {
  conditions: Vec<u32, Global>,
  branches: Vec<Vec<u32, Global>, Global>,
  fallback: Vec<u32, Global>,
}

// Full name: rumoca_core::structured_domain::StructuredIndexBinderId
pub opaque type StructuredIndexBinderId

// Full name: rumoca_ir_dae::model::callable_regions::CallableRegionActivationEntry
enum CallableRegionActivationEntry {
  Root,
  Enter,
  GuardTrue { _0: u32 },
  GuardFalse { _0: u32 },
}

// Full name: rumoca_ir_dae::model::callable_regions::CallableRegionKindEntry
enum CallableRegionKindEntry {
  FunctionBody,
  ConditionalGuard { source: CallableConditionalRegionSourceEntry, ordinal: u32 },
  ConditionalResult { source: CallableConditionalRegionSourceEntry, ordinal: u32 },
  ConditionalFallback { source: CallableConditionalRegionSourceEntry },
  FoldBody { fold: u32, domain: u32 },
  MapBody { expression_use: u32, domain: u32 },
}

// Full name: rumoca_ir_dae::model::callable_regions::CallableCallProjectionUseEntry
struct CallableCallProjectionUseEntry {
  expression_use: u32,
  output: u32,
  provenance: DaeProvenance,
}

// Full name: rumoca_ir_dae::model::callable_regions::CallableCaptureSourceEntry
enum CallableCaptureSourceEntry {
  Parameter { _0: u32 },
  Definition { _0: u32 },
  Binder { domain: u32, ordinal: u32 },
}

// Full name: rumoca_ir_dae::model::callable_regions::CallableConditionalRegionSourceEntry
enum CallableConditionalRegionSourceEntry {
  AssignmentGroup { _0: u32 },
  ExpressionUse { _0: u32 },
}

// Full name: core::fmt::Formatter
#[diagnostic_item("Formatter")]
pub opaque type Formatter<mut 'a>
where
    RegionOutlives0: 'a: 'a,

// Full name: core::fmt::Error
pub struct Error {}

// Full name: core::iter::traits::iterator::Iterator
#[lang_item(Iterator)]
#[diagnostic_item("Iterator")]
pub trait Iterator<Self>
{
    type Item
    fn next<'_0_1>;
    fn map<B, F, TraitClause0_1: (F: FnMut<(Self::Item,)>), TypeConstraint0: TraitClause0_1::ImpliedClause0::Output = B> = map<Self, B, F>[Self, TraitClause0_1]
    fn collect<B, TraitClause0_1: (B: FromIterator<Self::Item>)> = collect<Self, B>[Self, TraitClause0_1]
    vtable: core::iter::traits::iterator::Iterator::{vtable}<Self::Item>
}

// Full name: core::iter::range::Step
#[diagnostic_item("range_step")]
pub trait Step<Self>
{
    proof ImpliedClause0: (Self: Clone)
    proof ImpliedClause1: (Self: PartialOrd<Self>)
    fn steps_between<'_0_1, '_1_1>;
    fn forward_checked;
    fn forward_overflowing;
    fn backward_checked;
    fn backward_overflowing;
    non-dyn-compatible
}

// Full name: core::ops::function::FnMut
#[fundamental]
#[lang_item(FnMut)]
pub trait FnMut<Self, Args>
{
    proof ImpliedClause0: (Self: FnOnce<Args>)
    fn call_mut<'_0_1>;
    vtable: core::ops::function::FnMut::{vtable}<Args, Self::ImpliedClause0::Output>
}

// Full name: core::marker::Destruct
#[lang_item(Destruct)]
pub trait Destruct<Self>
{
    fn drop_glue<'_0_1>;
    non-dyn-compatible
}

// Full name: core::iter::traits::collect::FromIterator
#[diagnostic_item("FromIterator")]
pub trait FromIterator<Self, A>
{
    fn from_iter<T, TraitClause0_1: (T: IntoIterator), TypeConstraint0: TraitClause0_1::Item = A>;
    non-dyn-compatible
}

// Full name: core::ops::function::FnOnce
#[fundamental]
#[lang_item(FnOnce)]
pub trait FnOnce<Self, Args>
{
    type Output
    fn call_once;
    vtable: core::ops::function::FnOnce::{vtable}<Args, Self::Output>
}

// Full name: core::num::nonzero::ZeroablePrimitive
pub trait ZeroablePrimitive<Self>
{
    proof ImpliedClause0: (Self: Copy)
    proof ImpliedClause1: (Self::NonZeroInner: Copy)
    type NonZeroInner
    non-dyn-compatible
}

// Full name: core::iter::traits::collect::IntoIterator
#[diagnostic_item("IntoIterator")]
pub trait IntoIterator<Self>
where
    TypeConstraint0: Self::ImpliedClause0::Item = Self::Item,
{
    proof ImpliedClause0: (Self::IntoIter: Iterator)
    type Item
    type IntoIter
    fn into_iter;
    vtable: core::iter::traits::collect::IntoIterator::{vtable}<Self::Item, Self::IntoIter>
}

// Full name: core::clone::Clone
#[lang_item(Clone)]
#[diagnostic_item("Clone")]
pub trait Clone<Self>
{
    fn clone<'_0_1>;
    non-dyn-compatible
}

// Full name: core::ops::try_trait::Try
#[lang_item(Try)]
pub trait Try<Self>
{
    proof ImpliedClause0: (Self: FromResidual<Self::Residual>)
    proof ImpliedClause1: (Self::Residual: Residual<Self::Output>)
    type Output
    type Residual
    fn from_output;
    fn branch;
    non-dyn-compatible
}

// Full name: core::ops::try_trait::Residual
pub trait Residual<Self, O>
where
    TypeConstraint0: Self::ImpliedClause0::Output = O,
    TypeConstraint1: Self::ImpliedClause0::Residual = Self,
{
    proof ImpliedClause0: (Self::TryType: Try)
    type TryType
    non-dyn-compatible
}

// Full name: core::iter::traits::collect::Extend
pub trait Extend<Self, A>
{
    fn extend<'_0_1, T, TraitClause0_1: (T: IntoIterator), TypeConstraint0: TraitClause0_1::Item = A>;
    non-dyn-compatible
}

// Full name: core::default::Default
#[diagnostic_item("Default")]
pub trait Default<Self>
{
    fn default;
    non-dyn-compatible
}

// Full name: core::iter::traits::double_ended::DoubleEndedIterator
#[diagnostic_item("DoubleEndedIterator")]
pub trait DoubleEndedIterator<Self>
{
    proof ImpliedClause0: (Self: Iterator)
    fn next_back<'_0_1>;
    vtable: core::iter::traits::double_ended::DoubleEndedIterator::{vtable}<Self::ImpliedClause0::Item>
}

// Full name: core::iter::traits::exact_size::ExactSizeIterator
pub trait ExactSizeIterator<Self>
{
    proof ImpliedClause0: (Self: Iterator)
    vtable: core::iter::traits::exact_size::ExactSizeIterator::{vtable}<Self::ImpliedClause0::Item>
}

// Full name: core::cmp::Ord
#[diagnostic_item("Ord")]
pub trait Ord<Self>
{
    proof ImpliedClause0: (Self: Eq)
    proof ImpliedClause1: (Self: PartialOrd<Self>)
    fn cmp<'_0_1, '_1_1>;
    non-dyn-compatible
}

// Full name: core::marker::Copy
#[lang_item(Copy)]
#[diagnostic_item("Copy")]
pub trait Copy<Self>
{
    proof ImpliedClause0: (Self: Clone)
    non-dyn-compatible
}

// Full name: core::iter::traits::accum::Sum
pub trait Sum<Self, A>
{
    fn sum<I, TraitClause0_1: (I: Iterator), TypeConstraint0: TraitClause0_1::Item = A>;
    non-dyn-compatible
}

// Full name: core::iter::traits::accum::Product
pub trait Product<Self, A>
{
    fn product<I, TraitClause0_1: (I: Iterator), TypeConstraint0: TraitClause0_1::Item = A>;
    non-dyn-compatible
}

// Full name: core::cmp::PartialOrd
#[lang_item(PartialOrd)]
#[diagnostic_item("PartialOrd")]
pub trait PartialOrd<Self, Rhs>
{
    proof ImpliedClause0: (Self: PartialEq<Rhs>)
    fn partial_cmp<'_0_1, '_1_1>;
    vtable: core::cmp::PartialOrd::{vtable}<Rhs>
}

// Full name: core::cmp::PartialEq
#[lang_item(PartialEq)]
#[diagnostic_item("PartialEq")]
pub trait PartialEq<Self, Rhs>
{
    fn eq<'_0_1, '_1_1>;
    vtable: core::cmp::PartialEq::{vtable}<Rhs>
}

// Full name: core::iter::adapters::zip::TrustedRandomAccessNoCoerce
pub trait TrustedRandomAccessNoCoerce<Self>
{
    const MAY_HAVE_SIDE_EFFECT : bool
    non-dyn-compatible
}

// Full name: core::convert::From
#[lang_item(From)]
#[diagnostic_item("From")]
pub trait From<Self, T>
{
    fn from;
    non-dyn-compatible
}

// Full name: core::ops::try_trait::FromResidual
#[diagnostic_item("FromResidual")]
pub trait FromResidual<Self, R>
{
    fn from_residual;
    non-dyn-compatible
}

// Full name: core::cmp::Eq
#[diagnostic_item("Eq")]
pub trait Eq<Self>
{
    proof ImpliedClause0: (Self: PartialEq<Self>)
    non-dyn-compatible
}

// Full name: core::slice::index::SliceIndex
#[diagnostic_item("SliceIndex")]
pub trait SliceIndex<Self, T>
{
    type Output
    fn get<'_0_1>;
    fn get_mut<'_0_1>;
    fn get_unchecked;
    fn get_unchecked_mut;
    #[track_caller]
    fn index<'_0_1>;
    #[track_caller]
    fn index_mut<'_0_1>;
    vtable: core::slice::index::SliceIndex::{vtable}<T, Self::Output>
}

// Full name: core::convert::Into
#[diagnostic_item("Into")]
pub trait Into<Self, T>
{
    fn into;
    non-dyn-compatible
}

// Full name: core::convert::TryFrom
#[diagnostic_item("TryFrom")]
pub trait TryFrom<Self, T>
{
    type Error
    fn try_from;
    non-dyn-compatible
}

// Full name: core::ops::deref::Deref
#[lang_item(Deref)]
#[diagnostic_item("Deref")]
pub trait Deref<Self>
{
    type Target
    fn deref<'_0_1>;
    vtable: core::ops::deref::Deref::{vtable}<Self::Target>
}

// Full name: core::marker::DiscriminantKind
#[lang_item(DiscriminantKind)]
pub trait DiscriminantKind<Self>
{
    proof ImpliedClause0: (Self::Discriminant: Clone)
    proof ImpliedClause1: (Self::Discriminant: Copy)
    proof ImpliedClause2: (Self::Discriminant: Debug)
    proof ImpliedClause3: (Self::Discriminant: Eq)
    proof ImpliedClause4: (Self::Discriminant: PartialEq<Self::Discriminant>)
    proof ImpliedClause5: (Self::Discriminant: Hash)
    proof ImpliedClause6: (Self::Discriminant: Send)
    proof ImpliedClause7: (Self::Discriminant: Sync)
    proof ImpliedClause8: (Self::Discriminant: Unpin)
    type Discriminant
    non-dyn-compatible
}

// Full name: core::fmt::Debug
#[diagnostic_item("Debug")]
pub trait Debug<Self>
{
    fn fmt<'_0_1, '_1_1, '_2_1>;
    vtable: core::fmt::Debug::{vtable}
}

// Full name: core::hash::Hash
#[diagnostic_item("Hash")]
pub trait Hash<Self>
{
    fn hash<'_0_1, '_1_1, H, TraitClause0_1: (H: Hasher)>;
    non-dyn-compatible
}

// Full name: core::marker::Send
#[diagnostic_item("Send")]
pub trait Send<Self>

// Full name: core::marker::Sync
#[lang_item(Sync)]
#[diagnostic_item("Sync")]
pub trait Sync<Self>

// Full name: core::marker::Unpin
#[lang_item(Unpin)]
pub trait Unpin<Self>

// Full name: core::hash::Hasher
pub trait Hasher<Self>
{
    fn finish<'_0_1>;
    fn write<'_0_1, '_1_1>;
    vtable: core::hash::Hasher::{vtable}
}

// Full name: rumoca_ir_dae::model::view::{DaeView<'dae>}::variables::{impl FnOnce<(usize,)> for rumoca_ir_dae::model::view::{DaeView<'dae>}::variables::closure<'dae, '_1>}
impl<'dae, '_1, '_2, '_3> FnOnce<(usize,)> for rumoca_ir_dae::model::view::{DaeView<'dae>}::variables::closure<'dae, '_1>
where
    RegionOutlives0: '_2: '_3,
    RegionOutlives1: '_2: '_1,
    RegionOutlives2: '_3: '_2,
    RegionOutlives3: '_3: '_1,
    RegionOutlives4: '_1: '_2,
    RegionOutlives5: '_1: '_3,
{
    type Output = (VariableId<'_>, VariableView<'_>)
    fn call_once = {impl FnOnce<(usize,)> for rumoca_ir_dae::model::view::{DaeView<'dae>}::variables::closure<'dae, '_1>}::call_once<'dae, '_1, '_2, '_3>
    vtable: {impl FnOnce<(usize,)> for rumoca_ir_dae::model::view::{DaeView<'dae>}::variables::closure<'dae, '_1>}::{vtable}<'dae, '_1, '_2, '_3>
}

// Full name: rumoca_ir_dae::model::view::{DaeView<'dae>}::variables::{impl FnMut<(usize,)> for rumoca_ir_dae::model::view::{DaeView<'dae>}::variables::closure<'dae, '_1>}
impl<'dae, '_1, '_2, '_3> FnMut<(usize,)> for rumoca_ir_dae::model::view::{DaeView<'dae>}::variables::closure<'dae, '_1>
where
    RegionOutlives0: '_2: '_3,
    RegionOutlives1: '_2: '_1,
    RegionOutlives2: '_3: '_2,
    RegionOutlives3: '_3: '_1,
    RegionOutlives4: '_1: '_2,
    RegionOutlives5: '_1: '_3,
{
    proof ImpliedClause0: (rumoca_ir_dae::model::view::{DaeView<'dae>}::variables::closure<'dae, '_1>: FnOnce<(usize,)>) = {impl FnOnce<(usize,)> for rumoca_ir_dae::model::view::{DaeView<'dae>}::variables::closure<'dae, '_1>}<'dae, '_1, '_2, '_3>
    fn call_mut<'_0_1> = {impl FnMut<(usize,)> for rumoca_ir_dae::model::view::{DaeView<'dae>}::variables::closure<'dae, '_1>}::call_mut<'dae, '_1, '_2, '_3, '_0_1>
    vtable: {impl FnMut<(usize,)> for rumoca_ir_dae::model::view::{DaeView<'dae>}::variables::closure<'dae, '_1>}::{vtable}<'dae, '_1, '_2, '_3>
}

// Full name: rumoca_ir_dae::model::view::{DaeView<'dae>}::variable_refinement::{impl FnOnce<((VariableId<'_>, VariableView<'_>),)> for rumoca_ir_dae::model::view::{DaeView<'dae>}::variable_refinement::closure<'dae>}
impl<'dae, '_1, '_2> FnOnce<((VariableId<'_>, VariableView<'_>),)> for rumoca_ir_dae::model::view::{DaeView<'dae>}::variable_refinement::closure<'dae> {
    type Output = DaeVariableRefinementEntry
    fn call_once = {impl FnOnce<((VariableId<'_>, VariableView<'_>),)> for rumoca_ir_dae::model::view::{DaeView<'dae>}::variable_refinement::closure<'dae>}::call_once<'dae, '_1, '_2>
    vtable: {impl FnOnce<((VariableId<'_>, VariableView<'_>),)> for rumoca_ir_dae::model::view::{DaeView<'dae>}::variable_refinement::closure<'dae>}::{vtable}<'dae, '_1, '_2>
}

// Full name: rumoca_ir_dae::model::view::{DaeView<'dae>}::variable_refinement::{impl FnMut<((VariableId<'_>, VariableView<'_>),)> for rumoca_ir_dae::model::view::{DaeView<'dae>}::variable_refinement::closure<'dae>}
impl<'dae, '_1, '_2> FnMut<((VariableId<'_>, VariableView<'_>),)> for rumoca_ir_dae::model::view::{DaeView<'dae>}::variable_refinement::closure<'dae> {
    proof ImpliedClause0: (rumoca_ir_dae::model::view::{DaeView<'dae>}::variable_refinement::closure<'dae>: FnOnce<((VariableId<'_>, VariableView<'_>),)>) = {impl FnOnce<((VariableId<'_>, VariableView<'_>),)> for rumoca_ir_dae::model::view::{DaeView<'dae>}::variable_refinement::closure<'dae>}<'dae, '_1, '_2>
    fn call_mut<'_0_1> = {impl FnMut<((VariableId<'_>, VariableView<'_>),)> for rumoca_ir_dae::model::view::{DaeView<'dae>}::variable_refinement::closure<'dae>}::call_mut<'dae, '_1, '_2, '_0_1>
    vtable: {impl FnMut<((VariableId<'_>, VariableView<'_>),)> for rumoca_ir_dae::model::view::{DaeView<'dae>}::variable_refinement::closure<'dae>}::{vtable}<'dae, '_1, '_2>
}

// Full name: core::iter::adapters::map::{impl Iterator for Map<I, F>}
impl<B, I, F> "impl_Iterator_for_Map" Iterator for Map<I, F>
where
    TraitClause0: (I: Iterator),
    TraitClause1: (F: FnMut<(TraitClause0::Item,)>),
    TypeConstraint0: TraitClause1::ImpliedClause0::Output = B,
{
    type Item = B
    fn next<'_0_1> = impl_Iterator_for_Map::next<'_0_1, B, I, F>[TraitClause0, TraitClause1]
    fn map<B, F, TraitClause0_1: (F: FnMut<(impl_Iterator_for_Map<B, I, F>[TraitClause0, TraitClause1]::Item,)>), TypeConstraint0: TraitClause0_1::ImpliedClause0::Output = B> = map<Map<I, F>, B, F>[impl_Iterator_for_Map<B, I, F>[TraitClause0, TraitClause1], TraitClause0_1]
    fn collect<B, TraitClause0_1: (B: FromIterator<impl_Iterator_for_Map<B, I, F>[TraitClause0, TraitClause1]::Item>)> = collect<Map<I, F>, B>[impl_Iterator_for_Map<B, I, F>[TraitClause0, TraitClause1], TraitClause0_1]
    vtable: impl_Iterator_for_Map::{vtable}<B, I, F>[TraitClause0, TraitClause1]
}

// Full name: core::iter::range::{impl Iterator for Range<A>}
impl<A> "impl_Iterator_for_Range" Iterator for Range<A>
where
    TraitClause0: (A: Step),
{
    type Item = A
    fn next<'_0_1> = impl_Iterator_for_Range::next<'_0_1, A>[TraitClause0]
    fn map<B, F, TraitClause0_1: (F: FnMut<(impl_Iterator_for_Range<A>[TraitClause0]::Item,)>), TypeConstraint0: TraitClause0_1::ImpliedClause0::Output = B> = map<Range<A>, B, F>[impl_Iterator_for_Range<A>[TraitClause0], TraitClause0_1]
    fn collect<B, TraitClause0_1: (B: FromIterator<impl_Iterator_for_Range<A>[TraitClause0]::Item>)> = collect<Range<A>, B>[impl_Iterator_for_Range<A>[TraitClause0], TraitClause0_1]
    vtable: impl_Iterator_for_Range::{vtable}<A>[TraitClause0]
}

// Full name: core::iter::range::{impl Step for usize}
impl "impl_Step_for_usize" Step for usize {
    proof ImpliedClause0: (usize: Clone) = impl_Clone_for_usize
    proof ImpliedClause1: (usize: PartialOrd<usize>) = impl_PartialOrd_usize_for_usize
    fn steps_between<'_0_1, '_1_1> = steps_between<'_0_1, '_1_1>
    fn forward_checked = forward_checked
    fn forward_overflowing = forward_overflowing
    fn backward_checked = backward_checked
    fn backward_overflowing = backward_overflowing
    non-dyn-compatible
}

// Full name: core::iter::adapters::map::Map::{impl Destruct for Map<I, F>}
impl<I, F> "impl_Destruct_for_Map" Destruct for Map<I, F> {
    fn drop_glue<'_0_1> = impl_Destruct_for_Map::drop_glue<'_0_1, I, F>
    non-dyn-compatible
}

// Full name: alloc::vec::{impl FromIterator<T> for Vec<T, Global>}
impl<T> "impl_FromIterator_for_Vec_Global" FromIterator<T> for Vec<T, Global> {
    fn from_iter<T, TraitClause0_1: (T: IntoIterator), TypeConstraint0: TraitClause0_1::Item = T> = from_iter<T, T>[TraitClause0_1]
    non-dyn-compatible
}

// Full name: alloc::vec::Vec::{impl Destruct for Vec<T, A>}
impl<T, A> "impl_Destruct_for_Vec" Destruct for Vec<T, A> {
    fn drop_glue<'_0_1> = impl_Destruct_for_Vec::drop_glue<'_0_1, T, A>
    non-dyn-compatible
}

// Full name: alloc::boxed::Box::{impl Destruct for Box<T, A>}
impl<T, A> "impl_Destruct_for_Box" Destruct for Box<T, A> {
    fn drop_glue<'_0_1> = impl_Destruct_for_Box::drop_glue<'_0_1, T, A>
    non-dyn-compatible
}

// Full name: core::num::nonzero::{impl ZeroablePrimitive for usize}
impl "impl_ZeroablePrimitive_for_usize" ZeroablePrimitive for usize {
    proof ImpliedClause0: (usize: Copy) = impl_Copy_for_usize
    proof ImpliedClause1: (NonZeroUsizeInner: Copy) = impl_Copy_for_NonZeroUsizeInner
    type NonZeroInner = NonZeroUsizeInner
    non-dyn-compatible
}

// Full name: core::clone::impls::{impl Clone for usize}
impl "impl_Clone_for_usize" Clone for usize {
    fn clone<'_0_1> = impl_Clone_for_usize::clone<'_0_1>
    non-dyn-compatible
}

// Full name: core::cmp::impls::{impl PartialOrd<usize> for usize}
impl "impl_PartialOrd_usize_for_usize" PartialOrd<usize> for usize {
    proof ImpliedClause0: (usize: PartialEq<usize>) = impl_PartialEq_usize_for_usize
    fn partial_cmp<'_0_1, '_1_1> = impl_PartialOrd_usize_for_usize::partial_cmp<'_0_1, '_1_1>
    vtable: impl_PartialOrd_usize_for_usize::{vtable}
}

// Full name: rumoca_ir_dae::model::view::{DaeView<'dae>}::variables::closure::{impl Destruct for rumoca_ir_dae::model::view::{DaeView<'dae>}::variables::closure<'dae, '_1>}
impl<'dae, '_1> Destruct for rumoca_ir_dae::model::view::{DaeView<'dae>}::variables::closure<'dae, '_1> {
    fn drop_glue<'_0_1> = {impl Destruct for rumoca_ir_dae::model::view::{DaeView<'dae>}::variables::closure<'dae, '_1>}::drop_glue<'dae, '_1, '_0_1>
    non-dyn-compatible
}

// Full name: rumoca_ir_dae::model::view::{DaeView<'dae>}::variable_refinement::closure::{impl Destruct for rumoca_ir_dae::model::view::{DaeView<'dae>}::variable_refinement::closure<'dae>}
impl<'dae> Destruct for rumoca_ir_dae::model::view::{DaeView<'dae>}::variable_refinement::closure<'dae> {
    fn drop_glue<'_0_1> = {impl Destruct for rumoca_ir_dae::model::view::{DaeView<'dae>}::variable_refinement::closure<'dae>}::drop_glue<'dae, '_0_1>
    non-dyn-compatible
}

// Full name: core::convert::{impl Into<U> for T}
impl<T, U> "impl_Into_for_T" Into<U> for T
where
    TraitClause0: (U: From<T>),
{
    fn into = into<T, U>[TraitClause0]
    non-dyn-compatible
}

// Full name: alloc::boxed::convert::{impl From<&'_0 [T]> for Box<[T], Global>}
impl<'_0, T> "impl_From_for_Box_slice_Global" From<&'_0 [T]> for Box<[T], Global>
where
    TraitClause0: (T: Clone),
    TypeOutlives0: T: '_0,
{
    fn from = from<'_0, T>[TraitClause0]
    non-dyn-compatible
}

// Full name: core::clone::impls::{impl Clone for u32}
impl "impl_Clone_for_u32" Clone for u32 {
    fn clone<'_0_1> = impl_Clone_for_u32::clone<'_0_1>
    non-dyn-compatible
}

// Full name: core::marker::{impl Copy for usize}
impl "impl_Copy_for_usize" Copy for usize {
    proof ImpliedClause0: (usize: Clone) = impl_Clone_for_usize
    non-dyn-compatible
}

// Full name: core::num::niche_types::{impl Copy for NonZeroUsizeInner}
impl "impl_Copy_for_NonZeroUsizeInner" Copy for NonZeroUsizeInner {
    proof ImpliedClause0: (NonZeroUsizeInner: Clone) = impl_Clone_for_NonZeroUsizeInner
    non-dyn-compatible
}

// Full name: core::cmp::impls::{impl PartialEq<usize> for usize}
impl "impl_PartialEq_usize_for_usize" PartialEq<usize> for usize {
    fn eq<'_0_1, '_1_1> = impl_PartialEq_usize_for_usize::eq<'_0_1, '_1_1>
    vtable: impl_PartialEq_usize_for_usize::{vtable}
}

// Full name: rumoca_ir_dae::model::view::{DaeView<'dae>}::variable_id::{impl FnOnce<()> for rumoca_ir_dae::model::view::{DaeView<'dae>}::variable_id::closure<'dae, '_1>}
impl<'dae, '_1, '_2> FnOnce<()> for rumoca_ir_dae::model::view::{DaeView<'dae>}::variable_id::closure<'dae, '_1> {
    type Output = VariableId<'_>
    fn call_once = {impl FnOnce<()> for rumoca_ir_dae::model::view::{DaeView<'dae>}::variable_id::closure<'dae, '_1>}::call_once<'dae, '_1, '_2>
    vtable: {impl FnOnce<()> for rumoca_ir_dae::model::view::{DaeView<'dae>}::variable_id::closure<'dae, '_1>}::{vtable}<'dae, '_1, '_2>
}

// Full name: core::convert::num::ptr_try_from_impls::{impl TryFrom<usize> for u32}
impl "impl_TryFrom_usize_for_u32" TryFrom<usize> for u32 {
    type Error = TryFromIntError
    fn try_from = try_from
    non-dyn-compatible
}

// Full name: core::num::error::TryFromIntError::{impl Destruct for TryFromIntError}
impl "impl_Destruct_for_TryFromIntError" Destruct for TryFromIntError {
    fn drop_glue<'_0_1> = impl_Destruct_for_TryFromIntError::drop_glue<'_0_1>
    non-dyn-compatible
}

// Full name: core::option::{impl Try for Option<T>}
impl<T> "impl_Try_for_Option" Try for Option<T> {
    proof ImpliedClause0: (Option<T>: FromResidual<Option<Infallible>>) = impl_FromResidual_Option_for_Option<T>
    proof ImpliedClause1: (Option<Infallible>: Residual<T>) = impl_Residual_for_Option_Infallible<T>
    type Output = T
    type Residual = Option<Infallible>
    fn from_output = from_output<T>
    fn branch = branch<T>
    non-dyn-compatible
}

// Full name: rumoca_ir_dae::model::view::{DaeView<'dae>}::variable_id::closure::{impl Destruct for rumoca_ir_dae::model::view::{DaeView<'dae>}::variable_id::closure<'dae, '_1>}
impl<'dae, '_1> Destruct for rumoca_ir_dae::model::view::{DaeView<'dae>}::variable_id::closure<'dae, '_1> {
    fn drop_glue<'_0_1> = {impl Destruct for rumoca_ir_dae::model::view::{DaeView<'dae>}::variable_id::closure<'dae, '_1>}::drop_glue<'dae, '_1, '_0_1>
    non-dyn-compatible
}

// Full name: core::option::{impl FromResidual<Option<Infallible>> for Option<T>}
impl<T> "impl_FromResidual_Option_for_Option" FromResidual<Option<Infallible>> for Option<T> {
    fn from_residual = from_residual<T>
    non-dyn-compatible
}

// Full name: core::slice::index::{impl SliceIndex<[T]> for usize}
impl<T> "impl_SliceIndex_slice_for_usize" SliceIndex<[T]> for usize {
    type Output = T
    fn get<'_0_1> = impl_SliceIndex_slice_for_usize::get<'_0_1, T>
    fn get_mut<'_0_1> = get_mut<'_0_1, T>
    fn get_unchecked = get_unchecked<T>
    fn get_unchecked_mut = get_unchecked_mut<T>
    fn index<'_0_1> = impl_SliceIndex_slice_for_usize::index<'_0_1, T>
    fn index_mut<'_0_1> = index_mut<'_0_1, T>
    vtable: impl_SliceIndex_slice_for_usize::{vtable}<T>
}

// Full name: alloc::boxed::{impl Deref for Box<T, A>}
impl<T, A> "impl_Deref_for_Box" Deref for Box<T, A> {
    type Target = T
    fn deref<'_0_1> = deref<'_0_1, T, A>
    vtable: impl_Deref_for_Box::{vtable}<T, A>
}

// Full name: core::num::niche_types::{impl Clone for NonZeroUsizeInner}
impl "impl_Clone_for_NonZeroUsizeInner" Clone for NonZeroUsizeInner {
    fn clone<'_0_1> = impl_Clone_for_NonZeroUsizeInner::clone<'_0_1>
    non-dyn-compatible
}

// Full name: core::option::{impl Residual<T> for Option<Infallible>}
impl<T> "impl_Residual_for_Option_Infallible" Residual<T> for Option<Infallible> {
    proof ImpliedClause0: (Option<T>: Try) = impl_Try_for_Option<T>
    type TryType = Option<T>
    non-dyn-compatible
}

// Full name: rumoca_ir_dae::expression::value_types::{impl PartialEq<ScalarType> for ScalarType}
impl "impl_PartialEq_ScalarType_for_ScalarType" PartialEq<ScalarType> for ScalarType {
    fn eq<'_0_1, '_1_1> = impl_PartialEq_ScalarType_for_ScalarType::eq<'_0_1, '_1_1>
    vtable: impl_PartialEq_ScalarType_for_ScalarType::{vtable}
}

// Full name: rumoca_ir_dae::model::view::{DaeView<'dae>}::variable_refinement
pub fn variable_refinement<'dae>(self: DaeView<'dae>) -> DaeVariableRefinementView
{
    let _0: DaeVariableRefinementView; // return
    let self: DaeView<'1>; // arg #1
    let entries: Box<[DaeVariableRefinementEntry], Global>; // local
    let _3: Vec<DaeVariableRefinementEntry, Global>; // anonymous local
    let _4: Map<Map<Range<usize>, rumoca_ir_dae::model::view::{DaeView<'dae>}::variables::closure<'10, '11>>, rumoca_ir_dae::model::view::{DaeView<'dae>}::variable_refinement::closure<'12>>; // anonymous local
    let _5: Map<Range<usize>, rumoca_ir_dae::model::view::{DaeView<'dae>}::variables::closure<'13, '14>>; // anonymous local
    let _6: DaeView<'15>; // anonymous local
    let _7: rumoca_ir_dae::model::view::{DaeView<'dae>}::variable_refinement::closure<'16>; // anonymous local
    let _8: Box<[DaeVariableRefinementEntry], Global>; // anonymous local

    bb0: {
        storage_live(_0);
        storage_live(entries);
        storage_live(_3);
        storage_live(_4);
        storage_live(_5);
        storage_live(_6);
        _6 = copy self;
        _5 = variables<'17>(move _6) -> bb2 (unwind: bb1);
    }

    bb1: {
        storage_dead(self);
        unwind_continue;
    }

    bb2: {
        storage_dead(_6);
        storage_live(_7);
        _7 = rumoca_ir_dae::model::view::{DaeView<'dae>}::variable_refinement::closure {  };
        _4 = map<Map<Range<usize>, rumoca_ir_dae::model::view::{DaeView<'dae>}::variables::closure<'23, '24>>, DaeVariableRefinementEntry, rumoca_ir_dae::model::view::{DaeView<'dae>}::variable_refinement::closure<'26>>[impl_Iterator_for_Map<(VariableId<'37>, VariableView<'38>), Range<usize>, rumoca_ir_dae::model::view::{DaeView<'dae>}::variables::closure<'23, '24>>[impl_Iterator_for_Range<usize>[impl_Step_for_usize], {impl FnMut<(usize,)> for rumoca_ir_dae::model::view::{DaeView<'dae>}::variables::closure<'dae, '_1>}<'23, '24, '47, '48>], {impl FnMut<((VariableId<'_>, VariableView<'_>),)> for rumoca_ir_dae::model::view::{DaeView<'dae>}::variable_refinement::closure<'dae>}<'26, '60, '61>](move _5, move _7) -> bb4 (unwind: bb3);
    }

    bb3: {
        conditional_drop[impl_Destruct_for_Map::drop_glue<'70, Range<usize>, rumoca_ir_dae::model::view::{DaeView<'dae>}::variables::closure<'68, '69>>] _5 -> bb1 (unwind: bb5);
    }

    bb4: {
        storage_dead(_7);
        storage_dead(_5);
        _3 = collect<Map<Map<Range<usize>, rumoca_ir_dae::model::view::{DaeView<'dae>}::variables::closure<'79, '80>>, rumoca_ir_dae::model::view::{DaeView<'dae>}::variable_refinement::closure<'81>>, Vec<DaeVariableRefinementEntry, Global>>[impl_Iterator_for_Map<DaeVariableRefinementEntry, Map<Range<usize>, rumoca_ir_dae::model::view::{DaeView<'dae>}::variables::closure<'79, '80>>, rumoca_ir_dae::model::view::{DaeView<'dae>}::variable_refinement::closure<'81>>[impl_Iterator_for_Map<(VariableId<'106>, VariableView<'107>), Range<usize>, rumoca_ir_dae::model::view::{DaeView<'dae>}::variables::closure<'79, '80>>[impl_Iterator_for_Range<usize>[impl_Step_for_usize], {impl FnMut<(usize,)> for rumoca_ir_dae::model::view::{DaeView<'dae>}::variables::closure<'dae, '_1>}<'79, '80, '116, '117>], {impl FnMut<((VariableId<'_>, VariableView<'_>),)> for rumoca_ir_dae::model::view::{DaeView<'dae>}::variable_refinement::closure<'dae>}<'81, '129, '130>], impl_FromIterator_for_Vec_Global<DaeVariableRefinementEntry>](move _4) -> bb7 (unwind: bb6);
    }

    bb5: {
        storage_dead(self);
        unwind_terminate;
    }

    bb6: {
        conditional_drop[impl_Destruct_for_Map::drop_glue<'145, Map<Range<usize>, rumoca_ir_dae::model::view::{DaeView<'dae>}::variables::closure<'142, '143>>, rumoca_ir_dae::model::view::{DaeView<'dae>}::variable_refinement::closure<'144>>] _4 -> bb1 (unwind: bb8);
    }

    bb7: {
        storage_dead(_4);
        entries = into_boxed_slice<DaeVariableRefinementEntry, Global>(move _3) -> bb10 (unwind: bb9);
    }

    bb8: {
        storage_dead(self);
        unwind_terminate;
    }

    bb9: {
        conditional_drop[impl_Destruct_for_Vec::drop_glue<'146, DaeVariableRefinementEntry, Global>] _3 -> bb1 (unwind: bb11);
    }

    bb10: {
        storage_dead(_3);
        fake_read(entries);
        storage_live(_8);
        _8 = move entries;
        _0 = DaeVariableRefinementView { entries: move _8 };
        conditional_drop[impl_Destruct_for_Box::drop_glue<'147, [DaeVariableRefinementEntry], Global>] _8 -> bb12 (unwind: bb13);
    }

    bb11: {
        storage_dead(self);
        unwind_terminate;
    }

    bb12: {
        storage_dead(_8);
        conditional_drop[impl_Destruct_for_Box::drop_glue<'148, [DaeVariableRefinementEntry], Global>] entries -> bb15 (unwind: bb1);
    }

    bb13: {
        conditional_drop[impl_Destruct_for_Box::drop_glue<'149, [DaeVariableRefinementEntry], Global>] entries -> bb1 (unwind: bb14);
    }

    bb14: {
        storage_dead(self);
        unwind_terminate;
    }

    bb15: {
        storage_dead(entries);
        storage_dead(self);
        return;
    }
}

// Full name: rumoca_ir_dae::model::view::{DaeView<'dae>}::variables
pub fn variables<'dae>(self: DaeView<'dae>) -> Map<Range<usize>, rumoca_ir_dae::model::view::{DaeView<'dae>}::variables::closure<'dae, 'dae>>
{
    let _0: Map<Range<usize>, rumoca_ir_dae::model::view::{DaeView<'dae>}::variables::closure<'4, '5>>; // return
    let self: DaeView<'7>; // arg #1
    let _2: Range<usize>; // anonymous local
    let _3: usize; // anonymous local
    let _4: DaeView<'8>; // anonymous local
    let _5: rumoca_ir_dae::model::view::{DaeView<'dae>}::variables::closure<'9, '10>; // anonymous local

    bb0: {
        storage_live(_0);
        storage_live(_2);
        storage_live(_3);
        storage_live(_4);
        _4 = copy self;
        _3 = variable_count<'11>(move _4) -> bb2 (unwind: bb1);
    }

    bb1: {
        storage_dead(self);
        unwind_continue;
    }

    bb2: {
        storage_dead(_4);
        _2 = Range { start: const 0usize, end: move _3 };
        storage_dead(_3);
        storage_live(_5);
        _5 = rumoca_ir_dae::model::view::{DaeView<'dae>}::variables::closure { _0: copy self };
        _0 = map<Range<usize>, (VariableId<'18>, VariableView<'19>), rumoca_ir_dae::model::view::{DaeView<'dae>}::variables::closure<'22, '23>>[impl_Iterator_for_Range<usize>[impl_Step_for_usize], {impl FnMut<(usize,)> for rumoca_ir_dae::model::view::{DaeView<'dae>}::variables::closure<'dae, '_1>}<'22, '23, '30, '31>](move _2, move _5) -> bb3 (unwind: bb1);
    }

    bb3: {
        storage_dead(_5);
        storage_dead(_2);
        storage_dead(self);
        return;
    }
}

// Full name: core::iter::traits::iterator::Iterator::map
#[diagnostic_item("IteratorMap")]
pub fn map<Self, B, F>(_1: Self, _2: F) -> Map<Self, F>
where
    TraitClause0: (Self: Iterator),
    TraitClause1: (F: FnMut<(TraitClause0::Item,)>),
    TypeConstraint0: TraitClause1::ImpliedClause0::Output = B,
= <opaque>

// Full name: core::iter::traits::iterator::Iterator::collect
#[diagnostic_item("iterator_collect_fn")]
pub fn collect<Self, B>(_1: Self) -> B
where
    TraitClause0: (Self: Iterator),
    TraitClause1: (B: FromIterator<TraitClause0::Item>),
= <opaque>

// Full name: alloc::vec::{Vec<T, A>}::into_boxed_slice
pub fn into_boxed_slice<T, A>(_1: Vec<T, A>) -> Box<[T], A>
= <opaque>

// Full name: rumoca_ir_dae::model::view::{DaeView<'dae>}::variables::{impl FnOnce<(usize,)> for rumoca_ir_dae::model::view::{DaeView<'dae>}::variables::closure<'dae, '_1>}::call_once
fn {impl FnOnce<(usize,)> for rumoca_ir_dae::model::view::{DaeView<'dae>}::variables::closure<'dae, '_1>}::call_once<'dae, '_1, '_2, '_3>(_1: rumoca_ir_dae::model::view::{DaeView<'dae>}::variables::closure<'dae, '_1>, _2: (usize,)) -> (VariableId<'_2>, VariableView<'_3>)
where
    RegionOutlives0: '_2: '_3,
    RegionOutlives1: '_2: '_1,
    RegionOutlives2: '_3: '_2,
    RegionOutlives3: '_3: '_1,
    RegionOutlives4: '_1: '_2,
    RegionOutlives5: '_1: '_3,
{
    let _0: (VariableId<'4>, VariableView<'5>); // return
    let _1: rumoca_ir_dae::model::view::{DaeView<'dae>}::variables::closure<'dae, '_1>; // arg #1
    let _2: (usize,); // arg #2
    let _3: &'8 mut rumoca_ir_dae::model::view::{DaeView<'dae>}::variables::closure<'dae, '_1>; // anonymous local

    bb0: {
        storage_live(_0);
        storage_live(_3);
        _3 = &mut _1;
        _0 = {impl FnMut<(usize,)> for rumoca_ir_dae::model::view::{DaeView<'dae>}::variables::closure<'dae, '_1>}::call_mut<'dae, '_1, '_2, '_3, '13>(move _3, move _2) -> bb2 (unwind: bb1);
    }

    bb1: {
        drop[{impl Destruct for rumoca_ir_dae::model::view::{DaeView<'dae>}::variables::closure<'dae, '_1>}::drop_glue<'dae, '_1, '16>] _1 -> bb3 (unwind: bb4);
    }

    bb2: {
        drop[{impl Destruct for rumoca_ir_dae::model::view::{DaeView<'dae>}::variables::closure<'dae, '_1>}::drop_glue<'dae, '_1, '19>] _1 -> bb6 (unwind: bb5);
    }

    bb3: {
        storage_dead(_3);
        storage_dead(_2);
        storage_dead(_1);
        unwind_continue;
    }

    bb4: {
        storage_dead(_3);
        storage_dead(_2);
        storage_dead(_1);
        unwind_terminate;
    }

    bb5: {
        storage_dead(_3);
        storage_dead(_2);
        storage_dead(_1);
        unwind_continue;
    }

    bb6: {
        storage_dead(_3);
        storage_dead(_2);
        storage_dead(_1);
        return;
    }
}

// Full name: rumoca_ir_dae::model::view::{DaeView<'dae>}::variables::{impl FnMut<(usize,)> for rumoca_ir_dae::model::view::{DaeView<'dae>}::variables::closure<'dae, '_1>}::call_mut
fn {impl FnMut<(usize,)> for rumoca_ir_dae::model::view::{DaeView<'dae>}::variables::closure<'dae, '_1>}::call_mut<'dae, '_1, '_2, '_3, '_4>(_1: &'_4 mut rumoca_ir_dae::model::view::{DaeView<'dae>}::variables::closure<'dae, '_1>, tupled_args: (usize,)) -> (VariableId<'_2>, VariableView<'_3>)
where
    RegionOutlives0: '_2: '_3,
    RegionOutlives1: '_2: '_1,
    RegionOutlives2: '_3: '_2,
    RegionOutlives3: '_3: '_1,
    RegionOutlives4: '_1: '_2,
    RegionOutlives5: '_1: '_3,
    RegionOutlives6: 'dae: '_4,
    RegionOutlives7: '_1: '_4,
{
    let _0: (VariableId<'4>, VariableView<'5>); // return
    let _1: &'8 mut rumoca_ir_dae::model::view::{DaeView<'dae>}::variables::closure<'dae, '_1>; // arg #1
    let tupled_args: (usize,); // arg #2
    let index: usize; // local
    let id: VariableId<'9>; // local
    let _5: Option<VariableId<'11>>; // anonymous local
    let _6: DaeView<'13>; // anonymous local
    let _7: usize; // anonymous local
    let _8: &'15 str; // anonymous local
    let _9: &'16 str; // anonymous local
    let variable: VariableView<'17>; // local
    let _11: Option<VariableView<'19>>; // anonymous local
    let _12: DaeView<'20>; // anonymous local
    let _13: VariableId<'21>; // anonymous local
    let _14: &'22 str; // anonymous local
    let _15: &'23 str; // anonymous local
    let _16: VariableId<'24>; // anonymous local
    let _17: VariableView<'25>; // anonymous local

    bb0: {
        storage_live(_0);
        storage_live(index);
        index = move tupled_args.0;
        storage_live(id);
        storage_live(_5);
        storage_live(_6);
        _6 = copy (*_1)._0;
        storage_live(_7);
        _7 = copy index;
        _5 = variable_id<'27>(move _6, move _7) -> bb2 (unwind: bb1);
    }

    bb1: {
        storage_dead(index);
        storage_dead(tupled_args);
        storage_dead(_1);
        unwind_continue;
    }

    bb2: {
        storage_dead(_7);
        storage_dead(_6);
        storage_live(_8);
        storage_live(_9);
        _9 = const "finalized dense variable index has a u32 identity";
        _8 = &(*_9);
        id = expect<'32, VariableId<'30>>(move _5, move _8) -> bb3 (unwind: bb1);
    }

    bb3: {
        storage_dead(_8);
        storage_dead(_5);
        fake_read(id);
        storage_dead(_9);
        storage_live(variable);
        storage_live(_11);
        storage_live(_12);
        _12 = copy (*_1)._0;
        storage_live(_13);
        _13 = copy id;
        _11 = variable<'34>(move _12, move _13) -> bb4 (unwind: bb1);
    }

    bb4: {
        storage_dead(_13);
        storage_dead(_12);
        storage_live(_14);
        storage_live(_15);
        _15 = const "finalized dense variable identity resolves";
        _14 = &(*_15);
        variable = expect<'39, VariableView<'37>>(move _11, move _14) -> bb5 (unwind: bb1);
    }

    bb5: {
        storage_dead(_14);
        storage_dead(_11);
        fake_read(variable);
        storage_dead(_15);
        storage_live(_16);
        _16 = copy id;
        storage_live(_17);
        _17 = copy variable;
        _0 = (move _16, move _17);
        storage_dead(_17);
        storage_dead(_16);
        storage_dead(variable);
        storage_dead(id);
        storage_dead(index);
        storage_dead(tupled_args);
        storage_dead(_1);
        return;
    }
}

// Full name: rumoca_ir_dae::model::view::{DaeView<'dae>}::variable_refinement::{impl FnOnce<((VariableId<'_>, VariableView<'_>),)> for rumoca_ir_dae::model::view::{DaeView<'dae>}::variable_refinement::closure<'dae>}::call_once
fn {impl FnOnce<((VariableId<'_>, VariableView<'_>),)> for rumoca_ir_dae::model::view::{DaeView<'dae>}::variable_refinement::closure<'dae>}::call_once<'dae, '_1, '_2>(_1: rumoca_ir_dae::model::view::{DaeView<'dae>}::variable_refinement::closure<'dae>, _2: ((VariableId<'_1>, VariableView<'_2>),)) -> DaeVariableRefinementEntry
{
    let _0: DaeVariableRefinementEntry; // return
    let _1: rumoca_ir_dae::model::view::{DaeView<'dae>}::variable_refinement::closure<'dae>; // arg #1
    let _2: ((VariableId<'1>, VariableView<'2>),); // arg #2
    let _3: &'4 mut rumoca_ir_dae::model::view::{DaeView<'dae>}::variable_refinement::closure<'dae>; // anonymous local

    bb0: {
        storage_live(_0);
        storage_live(_3);
        _3 = &mut _1;
        _0 = {impl FnMut<((VariableId<'_>, VariableView<'_>),)> for rumoca_ir_dae::model::view::{DaeView<'dae>}::variable_refinement::closure<'dae>}::call_mut<'dae, '_1, '_2, '17>(move _3, move _2) -> bb2 (unwind: bb1);
    }

    bb1: {
        drop[{impl Destruct for rumoca_ir_dae::model::view::{DaeView<'dae>}::variable_refinement::closure<'dae>}::drop_glue<'dae, '20>] _1 -> bb3 (unwind: bb4);
    }

    bb2: {
        drop[{impl Destruct for rumoca_ir_dae::model::view::{DaeView<'dae>}::variable_refinement::closure<'dae>}::drop_glue<'dae, '23>] _1 -> bb6 (unwind: bb5);
    }

    bb3: {
        storage_dead(_3);
        storage_dead(_2);
        storage_dead(_1);
        unwind_continue;
    }

    bb4: {
        storage_dead(_3);
        storage_dead(_2);
        storage_dead(_1);
        unwind_terminate;
    }

    bb5: {
        storage_dead(_3);
        storage_dead(_2);
        storage_dead(_1);
        unwind_continue;
    }

    bb6: {
        storage_dead(_3);
        storage_dead(_2);
        storage_dead(_1);
        return;
    }
}

// Full name: rumoca_ir_dae::model::view::{DaeView<'dae>}::variable_refinement::{impl FnMut<((VariableId<'_>, VariableView<'_>),)> for rumoca_ir_dae::model::view::{DaeView<'dae>}::variable_refinement::closure<'dae>}::call_mut
fn {impl FnMut<((VariableId<'_>, VariableView<'_>),)> for rumoca_ir_dae::model::view::{DaeView<'dae>}::variable_refinement::closure<'dae>}::call_mut<'dae, '_1, '_2, '_3>(_1: &'_3 mut rumoca_ir_dae::model::view::{DaeView<'dae>}::variable_refinement::closure<'dae>, tupled_args: ((VariableId<'_1>, VariableView<'_2>),)) -> DaeVariableRefinementEntry
where
    RegionOutlives0: 'dae: '_3,
{
    let _0: DaeVariableRefinementEntry; // return
    let _1: &'2 mut rumoca_ir_dae::model::view::{DaeView<'dae>}::variable_refinement::closure<'dae>; // arg #1
    let tupled_args: ((VariableId<'_1>, VariableView<'_2>),); // arg #2
    let _3: (VariableId<'3>, VariableView<'4>); // anonymous local
    let variable: VariableView<'5>; // local
    let _5: SourceOccurrenceId; // anonymous local
    let _6: VariableView<'6>; // anonymous local
    let _7: VariableRole; // anonymous local
    let _8: VariableView<'7>; // anonymous local
    let _9: Fixity; // anonymous local
    let _10: VariableView<'8>; // anonymous local
    let _11: ExpressionVariability; // anonymous local
    let _12: VariableView<'9>; // anonymous local
    let _13: bool; // anonymous local
    let _14: VariableView<'10>; // anonymous local
    let _15: VariableCausality; // anonymous local
    let _16: VariableView<'11>; // anonymous local
    let _17: ScalarType; // anonymous local
    let _18: &'13 ValueType; // anonymous local
    let _19: &'14 ValueType; // anonymous local
    let _20: VariableView<'15>; // anonymous local
    let _21: Box<[u32], Global>; // anonymous local
    let _22: &'17 [u32]; // anonymous local
    let _23: &'18 [u32]; // anonymous local
    let _24: &'19 ValueType; // anonymous local
    let _25: &'20 ValueType; // anonymous local
    let _26: VariableView<'21>; // anonymous local
    let _27: usize; // anonymous local
    let _28: VariableView<'22>; // anonymous local

    bb0: {
        storage_live(_0);
        storage_live(_3);
        _3 = move tupled_args.0;
        storage_live(variable);
        variable = copy _3.1;
        storage_live(_5);
        storage_live(_6);
        _6 = copy variable;
        _5 = source_occurrence<'24>(move _6) -> bb2 (unwind: bb1);
    }

    bb1: {
        storage_dead(_3);
        storage_dead(tupled_args);
        storage_dead(_1);
        unwind_continue;
    }

    bb2: {
        storage_dead(_6);
        storage_live(_7);
        storage_live(_8);
        _8 = copy variable;
        _7 = role<'25>(move _8) -> bb3 (unwind: bb1);
    }

    bb3: {
        storage_dead(_8);
        storage_live(_9);
        storage_live(_10);
        _10 = copy variable;
        _9 = fixed<'26>(move _10) -> bb4 (unwind: bb1);
    }

    bb4: {
        storage_dead(_10);
        storage_live(_11);
        storage_live(_12);
        _12 = copy variable;
        _11 = variability<'27>(move _12) -> bb5 (unwind: bb1);
    }

    bb5: {
        storage_dead(_12);
        storage_live(_13);
        storage_live(_14);
        _14 = copy variable;
        _13 = is_tunable<'28>(move _14) -> bb6 (unwind: bb1);
    }

    bb6: {
        storage_dead(_14);
        storage_live(_15);
        storage_live(_16);
        _16 = copy variable;
        _15 = causality<'29>(move _16) -> bb7 (unwind: bb1);
    }

    bb7: {
        storage_dead(_16);
        storage_live(_17);
        storage_live(_18);
        storage_live(_19);
        storage_live(_20);
        _20 = copy variable;
        _19 = value_type<'30>(move _20) -> bb8 (unwind: bb1);
    }

    bb8: {
        _18 = &(*_19);
        storage_dead(_20);
        _17 = scalar_type<'32>(move _18) -> bb9 (unwind: bb1);
    }

    bb9: {
        storage_dead(_18);
        storage_live(_21);
        storage_live(_22);
        storage_live(_23);
        storage_live(_24);
        storage_live(_25);
        storage_live(_26);
        _26 = copy variable;
        _25 = value_type<'33>(move _26) -> bb10 (unwind: bb1);
    }

    bb10: {
        _24 = &(*_25);
        storage_dead(_26);
        _23 = dimensions<'35>(move _24) -> bb11 (unwind: bb1);
    }

    bb11: {
        _22 = &(*_23) with_metadata(copy _23.metadata);
        storage_dead(_24);
        _21 = into<&'37 [u32], Box<[u32], Global>>[impl_From_for_Box_slice_Global<'37, u32>[impl_Clone_for_u32]](move _22) -> bb12 (unwind: bb1);
    }

    bb12: {
        storage_dead(_22);
        storage_live(_27);
        storage_live(_28);
        _28 = copy variable;
        _27 = rumoca_ir_dae::model::view::{VariableView<'dae>}::scalar_count<'41>(move _28) -> bb14 (unwind: bb13);
    }

    bb13: {
        conditional_drop[impl_Destruct_for_Box::drop_glue<'42, [u32], Global>] _21 -> bb1 (unwind: bb15);
    }

    bb14: {
        storage_dead(_28);
        _0 = DaeVariableRefinementEntry { source_occurrence: move _5, role: move _7, fixed: move _9, variability: move _11, is_tunable: move _13, causality: move _15, scalar_type: move _17, dimensions: move _21, scalar_count: move _27 };
        storage_dead(_27);
        conditional_drop[impl_Destruct_for_Box::drop_glue<'43, [u32], Global>] _21 -> bb16 (unwind: bb1);
    }

    bb15: {
        storage_dead(_3);
        storage_dead(tupled_args);
        storage_dead(_1);
        unwind_terminate;
    }

    bb16: {
        storage_dead(_25);
        storage_dead(_23);
        storage_dead(_21);
        storage_dead(_19);
        storage_dead(_17);
        storage_dead(_15);
        storage_dead(_13);
        storage_dead(_11);
        storage_dead(_9);
        storage_dead(_7);
        storage_dead(_5);
        storage_dead(variable);
        storage_dead(_3);
        storage_dead(tupled_args);
        storage_dead(_1);
        return;
    }
}

// Full name: rumoca_ir_dae::model::view::{DaeView<'dae>}::variable_count
pub fn variable_count<'dae>(self: DaeView<'dae>) -> usize
{
    let _0: usize; // return
    let self: DaeView<'1>; // arg #1
    let _2: &'3 [VariableEntry]; // anonymous local

    bb0: {
        storage_live(_0);
        storage_live(_2);
        _2 = &(*(*self.dae).storage.variables) with_metadata(copy (*self.dae).storage.variables.metadata);
        _0 = core::slice::{[T]}::len<'7, VariableEntry>(move _2) -> bb2 (unwind: bb1);
    }

    bb1: {
        storage_dead(self);
        unwind_continue;
    }

    bb2: {
        storage_dead(_2);
        storage_dead(self);
        return;
    }
}

// Full name: core::iter::adapters::map::{impl Iterator for Map<I, F>}::next
pub fn impl_Iterator_for_Map::next<'_0, B, I, F>(_1: &'_0 mut Map<I, F>) -> Option<B>
where
    TraitClause0: (I: Iterator),
    TraitClause1: (F: FnMut<(TraitClause0::Item,)>),
    TypeOutlives0: I: '_0,
    TypeOutlives1: F: '_0,
    TypeConstraint0: TraitClause1::ImpliedClause0::Output = B,
= <opaque>

// Full name: core::iter::range::{impl Iterator for Range<A>}::next
pub fn impl_Iterator_for_Range::next<'_0, A>(_1: &'_0 mut Range<A>) -> Option<A>
where
    TraitClause0: (A: Step),
    TypeOutlives0: A: '_0,
= <opaque>

// Full name: core::iter::range::{impl Step for usize}::steps_between
pub fn steps_between<'_0, '_1>(_1: &'_0 usize, _2: &'_1 usize) -> (usize, Option<usize>)
= <opaque>

// Full name: core::iter::range::{impl Step for usize}::forward_checked
pub fn forward_checked(_1: usize, _2: usize) -> Option<usize>
= <opaque>

// Full name: core::iter::range::{impl Step for usize}::forward_overflowing
pub fn forward_overflowing(_1: usize, _2: usize) -> (usize, bool)
= <opaque>

// Full name: core::iter::range::{impl Step for usize}::backward_checked
pub fn backward_checked(_1: usize, _2: usize) -> Option<usize>
= <opaque>

// Full name: core::iter::range::{impl Step for usize}::backward_overflowing
pub fn backward_overflowing(_1: usize, _2: usize) -> (usize, bool)
= <opaque>

// Full name: core::iter::adapters::map::Map::{impl Destruct for Map<I, F>}::drop_glue
unsafe fn impl_Destruct_for_Map::drop_glue<'_0, I, F>(_1: &'_0 mut Map<I, F>)
where
    TypeOutlives0: I: '_0,
    TypeOutlives1: F: '_0,
= <opaque>

// Full name: alloc::vec::{impl FromIterator<T> for Vec<T, Global>}::from_iter
pub fn from_iter<T, I>(_1: I) -> Vec<T, Global>
where
    TraitClause0: (I: IntoIterator),
    TypeConstraint0: TraitClause0::Item = T,
= <opaque>

// Full name: alloc::vec::Vec::{impl Destruct for Vec<T, A>}::drop_glue
unsafe fn impl_Destruct_for_Vec::drop_glue<'_0, T, A>(_1: &'_0 mut Vec<T, A>)
where
    TypeOutlives0: T: '_0,
    TypeOutlives1: A: '_0,
= <opaque>

// Full name: alloc::boxed::Box::{impl Destruct for Box<T, A>}::drop_glue
unsafe fn impl_Destruct_for_Box::drop_glue<'_0, T, A>(_1: &'_0 mut Box<T, A>)
where
    TypeOutlives0: T: '_0,
    TypeOutlives1: A: '_0,
= <opaque>

// Full name: rumoca_ir_dae::model::view::{DaeView<'dae>}::variable_id
pub fn variable_id<'dae>(self: DaeView<'dae>, index: usize) -> Option<VariableId<'dae>>
{
    let _0: Option<VariableId<'2>>; // return
    let self: DaeView<'4>; // arg #1
    let index: usize; // arg #2
    let raw: u32; // local
    let _4: ControlFlow<Option<Infallible>, u32>; // anonymous local
    let _5: Option<u32>; // anonymous local
    let _6: Result<u32, TryFromIntError>; // anonymous local
    let _7: usize; // anonymous local
    let residual: Option<Infallible>; // local
    let _9: Option<Infallible>; // anonymous local
    let val: u32; // local
    let _11: bool; // anonymous local
    let _12: usize; // anonymous local
    let _13: usize; // anonymous local
    let _14: &'6 [VariableEntry]; // anonymous local
    let _15: rumoca_ir_dae::model::view::{DaeView<'dae>}::variable_id::closure<'9, '10>; // anonymous local
    let _16: &'12 u32; // anonymous local

    bb0: {
        storage_live(_0);
        nop;
        storage_live(raw);
        storage_live(_4);
        storage_live(_5);
        storage_live(_6);
        storage_live(_7);
        _7 = copy index;
        _6 = try_from(move _7) -> bb2 (unwind: bb1);
    }

    bb1: {
        nop;
        storage_dead(index);
        storage_dead(self);
        unwind_continue;
    }

    bb2: {
        storage_dead(_7);
        _5 = ok<u32, TryFromIntError>[{built_in impl Destruct for u32}, impl_Destruct_for_TryFromIntError](move _6) -> bb3 (unwind: bb1);
    }

    bb3: {
        storage_dead(_6);
        _4 = branch<u32>(move _5) -> bb4 (unwind: bb1);
    }

    bb4: {
        storage_dead(_5);
        nop;
        match _4 -> ControlFlow::Continue: bb5, ControlFlow::Break: bb6;
    }

    bb5: {
        storage_live(val);
        val = copy (_4 as variant ControlFlow::Continue)._0;
        raw = copy val;
        storage_dead(val);
        fake_read(raw);
        storage_dead(_4);
        storage_live(_11);
        storage_live(_12);
        _12 = copy index;
        storage_live(_13);
        storage_live(_14);
        _14 = &(*(*self.dae).storage.variables) with_metadata(copy (*self.dae).storage.variables.metadata);
        _13 = core::slice::{[T]}::len<'16, VariableEntry>(move _14) -> bb8 (unwind: bb1);
    }

    bb6: {
        storage_live(residual);
        residual = copy (_4 as variant ControlFlow::Break)._0;
        storage_live(_9);
        _9 = copy residual;
        _0 = from_residual<VariableId<'39>>(move _9) -> bb10 (unwind: bb1);
    }

    bb7: {
        fake_read(_4);
        undefined_behavior;
    }

    bb8: {
        storage_dead(_14);
        _11 = move _12 < move _13;
        storage_dead(_13);
        storage_dead(_12);
        storage_live(_15);
        storage_live(_16);
        _16 = &raw;
        _15 = rumoca_ir_dae::model::view::{DaeView<'dae>}::variable_id::closure { _0: move _16 };
        storage_dead(_16);
        _0 = then<VariableId<'20>, rumoca_ir_dae::model::view::{DaeView<'dae>}::variable_id::closure<'23, '24>>[{impl FnOnce<()> for rumoca_ir_dae::model::view::{DaeView<'dae>}::variable_id::closure<'dae, '_1>}<'23, '24, '31>, {impl Destruct for rumoca_ir_dae::model::view::{DaeView<'dae>}::variable_id::closure<'dae, '_1>}<'23, '24>](move _11, move _15) -> bb9 (unwind: bb1);
    }

    bb9: {
        storage_dead(_15);
        storage_dead(_11);
        storage_dead(raw);
        nop;
        storage_dead(index);
        storage_dead(self);
        return;
    }

    bb10: {
        storage_dead(_9);
        storage_dead(residual);
        storage_dead(_4);
        storage_dead(raw);
        nop;
        storage_dead(index);
        storage_dead(self);
        return;
    }
}

// Full name: core::option::{Option<T>}::expect
#[track_caller]
#[diagnostic_item("option_expect")]
pub fn expect<'_0, T>(_1: Option<T>, _2: &'_0 str) -> T
= <opaque>

// Full name: rumoca_ir_dae::model::view::{DaeView<'dae>}::variable
pub fn variable<'dae>(self: DaeView<'dae>, id: VariableId<'dae>) -> Option<VariableView<'dae>>
{
    let _0: Option<VariableView<'2>>; // return
    let self: DaeView<'4>; // arg #1
    let id: VariableId<'6>; // arg #2
    let value_type: u32; // local
    let _4: &'8 VariableEntry; // anonymous local
    let _5: ControlFlow<Option<Infallible>, &'10 VariableEntry>; // anonymous local
    let _6: Option<&'12 VariableEntry>; // anonymous local
    let _7: &'14 [VariableEntry]; // anonymous local
    let _8: usize; // anonymous local
    let _9: u32; // anonymous local
    let _10: VariableId<'15>; // anonymous local
    let residual_11: Option<Infallible>; // local
    let _12: Option<Infallible>; // anonymous local
    let val_13: &'16 VariableEntry; // local
    let _14: VariableView<'17>; // anonymous local
    let _15: VariableId<'18>; // anonymous local
    let _16: &'19 VariableEntry; // anonymous local
    let _17: &'20 VariableEntry; // anonymous local
    let _18: ControlFlow<Option<Infallible>, &'21 VariableEntry>; // anonymous local
    let _19: Option<&'22 VariableEntry>; // anonymous local
    let _20: &'23 [VariableEntry]; // anonymous local
    let _21: usize; // anonymous local
    let _22: u32; // anonymous local
    let _23: VariableId<'24>; // anonymous local
    let residual_24: Option<Infallible>; // local
    let _25: Option<Infallible>; // anonymous local
    let val_26: &'25 VariableEntry; // local
    let _27: ValueTypeId<'27>; // anonymous local
    let _28: u32; // anonymous local
    let _29: &'29 ValueType; // anonymous local
    let _30: &'30 ValueType; // anonymous local
    let _31: ControlFlow<Option<Infallible>, &'32 ValueType>; // anonymous local
    let _32: Option<&'34 ValueType>; // anonymous local
    let _33: &'36 [ValueType]; // anonymous local
    let _34: usize; // anonymous local
    let _35: u32; // anonymous local
    let residual_36: Option<Infallible>; // local
    let _37: Option<Infallible>; // anonymous local
    let val_38: &'37 ValueType; // local
    let _39: PhantomData<&'43 mut &'44 ()>; // anonymous local

    bb0: {
        storage_live(_0);
        nop;
        nop;
        nop;
        storage_live(value_type);
        storage_live(_4);
        storage_live(_5);
        storage_live(_6);
        storage_live(_7);
        _7 = &(*(*self.dae).storage.variables) with_metadata(copy (*self.dae).storage.variables.metadata);
        storage_live(_8);
        storage_live(_9);
        storage_live(_10);
        _10 = copy id;
        _9 = rumoca_ir_dae::ids::{VariableId<'dae>}::index<'47>(move _10) -> bb2 (unwind: bb1);
    }

    bb1: {
        nop;
        nop;
        nop;
        storage_dead(id);
        storage_dead(self);
        unwind_continue;
    }

    bb2: {
        storage_dead(_10);
        _8 = cast<u32, usize>(move _9);
        storage_dead(_9);
        _6 = core::slice::{[T]}::get<'49, VariableEntry, usize>[impl_SliceIndex_slice_for_usize<VariableEntry>](move _7, move _8) -> bb3 (unwind: bb1);
    }

    bb3: {
        storage_dead(_8);
        storage_dead(_7);
        _5 = branch<&'51 VariableEntry>(move _6) -> bb4 (unwind: bb1);
    }

    bb4: {
        storage_dead(_6);
        nop;
        match _5 -> ControlFlow::Continue: bb5, ControlFlow::Break: bb6;
    }

    bb5: {
        storage_live(val_13);
        val_13 = copy (_5 as variant ControlFlow::Continue)._0;
        _4 = copy val_13;
        storage_dead(val_13);
        value_type = copy (*_4).value_type;
        fake_read(value_type);
        storage_dead(_5);
        storage_dead(_4);
        storage_live(_14);
        storage_live(_15);
        _15 = copy id;
        storage_live(_16);
        storage_live(_17);
        storage_live(_18);
        storage_live(_19);
        storage_live(_20);
        _20 = &(*(*self.dae).storage.variables) with_metadata(copy (*self.dae).storage.variables.metadata);
        storage_live(_21);
        storage_live(_22);
        storage_live(_23);
        _23 = copy id;
        _22 = rumoca_ir_dae::ids::{VariableId<'dae>}::index<'55>(move _23) -> bb8 (unwind: bb1);
    }

    bb6: {
        storage_live(residual_11);
        residual_11 = copy (_5 as variant ControlFlow::Break)._0;
        storage_live(_12);
        _12 = copy residual_11;
        _0 = from_residual<VariableView<'60>>(move _12) -> bb10 (unwind: bb1);
    }

    bb7: {
        fake_read(_5);
        undefined_behavior;
    }

    bb8: {
        storage_dead(_23);
        _21 = cast<u32, usize>(move _22);
        storage_dead(_22);
        _19 = core::slice::{[T]}::get<'57, VariableEntry, usize>[impl_SliceIndex_slice_for_usize<VariableEntry>](move _20, move _21) -> bb9 (unwind: bb1);
    }

    bb9: {
        storage_dead(_21);
        storage_dead(_20);
        _18 = branch<&'62 VariableEntry>(move _19) -> bb11 (unwind: bb1);
    }

    bb10: {
        storage_dead(_12);
        storage_dead(residual_11);
        storage_dead(_5);
        storage_dead(_4);
        goto bb12;
    }

    bb11: {
        storage_dead(_19);
        nop;
        match _18 -> ControlFlow::Continue: bb13, ControlFlow::Break: bb14;
    }

    bb12: {
        storage_dead(value_type);
        nop;
        nop;
        nop;
        storage_dead(id);
        storage_dead(self);
        return;
    }

    bb13: {
        storage_live(val_26);
        val_26 = copy (_18 as variant ControlFlow::Continue)._0;
        _17 = &(*val_26);
        storage_dead(val_26);
        _16 = &(*_17);
        storage_live(_27);
        storage_live(_28);
        _28 = copy value_type;
        _27 = rumoca_ir_dae::ids::{ValueTypeId<'dae>}::from_raw<'65>(move _28) -> bb16 (unwind: bb1);
    }

    bb14: {
        storage_live(residual_24);
        residual_24 = copy (_18 as variant ControlFlow::Break)._0;
        storage_live(_25);
        _25 = copy residual_24;
        _0 = from_residual<VariableView<'71>>(move _25) -> bb18 (unwind: bb1);
    }

    bb15: {
        fake_read(_18);
        undefined_behavior;
    }

    bb16: {
        storage_dead(_28);
        storage_live(_29);
        storage_live(_30);
        storage_live(_31);
        storage_live(_32);
        storage_live(_33);
        _33 = &(*(*self.dae).storage.value_types) with_metadata(copy (*self.dae).storage.value_types.metadata);
        storage_live(_34);
        storage_live(_35);
        _35 = copy value_type;
        _34 = cast<u32, usize>(move _35);
        storage_dead(_35);
        _32 = core::slice::{[T]}::get<'68, ValueType, usize>[impl_SliceIndex_slice_for_usize<ValueType>](move _33, move _34) -> bb17 (unwind: bb1);
    }

    bb17: {
        storage_dead(_34);
        storage_dead(_33);
        _31 = branch<&'73 ValueType>(move _32) -> bb19 (unwind: bb1);
    }

    bb18: {
        storage_dead(_25);
        storage_dead(residual_24);
        storage_dead(_16);
        storage_dead(_15);
        goto bb20;
    }

    bb19: {
        storage_dead(_32);
        nop;
        match _31 -> ControlFlow::Continue: bb21, ControlFlow::Break: bb22;
    }

    bb20: {
        storage_dead(_18);
        storage_dead(_17);
        storage_dead(_14);
        goto bb12;
    }

    bb21: {
        storage_live(val_38);
        val_38 = copy (_31 as variant ControlFlow::Continue)._0;
        _30 = &(*val_38);
        storage_dead(val_38);
        _29 = &(*_30);
        storage_live(_39);
        _39 = PhantomData {  };
        _14 = VariableView { id: move _15, entry: move _16, value_type_id: move _27, value_type: move _29, marker: move _39 };
        storage_dead(_39);
        storage_dead(_29);
        storage_dead(_27);
        storage_dead(_16);
        storage_dead(_15);
        _0 = Option::Some { _0: move _14 };
        storage_dead(_31);
        storage_dead(_30);
        storage_dead(_18);
        storage_dead(_17);
        storage_dead(_14);
        storage_dead(value_type);
        nop;
        nop;
        nop;
        storage_dead(id);
        storage_dead(self);
        return;
    }

    bb22: {
        storage_live(residual_36);
        residual_36 = copy (_31 as variant ControlFlow::Break)._0;
        storage_live(_37);
        _37 = copy residual_36;
        _0 = from_residual<VariableView<'82>>(move _37) -> bb24 (unwind: bb1);
    }

    bb23: {
        fake_read(_31);
        undefined_behavior;
    }

    bb24: {
        storage_dead(_37);
        storage_dead(residual_36);
        storage_dead(_29);
        storage_dead(_27);
        storage_dead(_16);
        storage_dead(_15);
        storage_dead(_31);
        storage_dead(_30);
        goto bb20;
    }
}

// Full name: rumoca_ir_dae::model::view::{VariableView<'dae>}::source_occurrence
pub fn source_occurrence<'dae>(self: VariableView<'dae>) -> SourceOccurrenceId
{
    let _0: SourceOccurrenceId; // return
    let self: VariableView<'1>; // arg #1
    let view: VariableView<'2>; // local

    bb0: {
        storage_live(_0);
        storage_live(view);
        view = copy self;
        fake_read(view);
        _0 = copy (*view.entry).source_occurrence;
        storage_dead(view);
        storage_dead(self);
        return;
    }
}

// Full name: rumoca_ir_dae::model::view::{VariableView<'dae>}::role
pub fn role<'dae>(self: VariableView<'dae>) -> VariableRole
{
    let _0: VariableRole; // return
    let self: VariableView<'1>; // arg #1
    let view: VariableView<'2>; // local

    bb0: {
        storage_live(_0);
        storage_live(view);
        view = copy self;
        fake_read(view);
        _0 = copy (*view.entry).role;
        storage_dead(view);
        storage_dead(self);
        return;
    }
}

// Full name: rumoca_ir_dae::model::view::{VariableView<'dae>}::fixed
pub fn fixed<'dae>(self: VariableView<'dae>) -> Fixity
{
    let _0: Fixity; // return
    let self: VariableView<'1>; // arg #1
    let view: VariableView<'2>; // local
    let _3: &'4 VariableAttributesWire; // anonymous local
    let _4: VariableView<'5>; // anonymous local

    bb0: {
        storage_live(_0);
        storage_live(view);
        view = copy self;
        fake_read(view);
        storage_live(_3);
        storage_live(_4);
        _4 = copy view;
        _3 = attributes<'6>(move _4) -> bb2 (unwind: bb1);
    }

    bb1: {
        storage_dead(self);
        unwind_continue;
    }

    bb2: {
        storage_dead(_4);
        _0 = copy (*_3).fixed;
        storage_dead(_3);
        storage_dead(view);
        storage_dead(self);
        return;
    }
}

// Full name: rumoca_ir_dae::model::view::{VariableView<'dae>}::variability
pub fn variability<'dae>(self: VariableView<'dae>) -> ExpressionVariability
{
    let _0: ExpressionVariability; // return
    let self: VariableView<'1>; // arg #1
    let view: VariableView<'2>; // local

    bb0: {
        storage_live(_0);
        storage_live(view);
        view = copy self;
        fake_read(view);
        _0 = copy (*view.entry).variability;
        storage_dead(view);
        storage_dead(self);
        return;
    }
}

// Full name: rumoca_ir_dae::model::view::{VariableView<'dae>}::is_tunable
pub fn is_tunable<'dae>(self: VariableView<'dae>) -> bool
{
    let _0: bool; // return
    let self: VariableView<'1>; // arg #1
    let view: VariableView<'2>; // local
    let _3: &'4 VariableAttributesWire; // anonymous local
    let _4: VariableView<'5>; // anonymous local

    bb0: {
        storage_live(_0);
        storage_live(view);
        view = copy self;
        fake_read(view);
        storage_live(_3);
        storage_live(_4);
        _4 = copy view;
        _3 = attributes<'6>(move _4) -> bb2 (unwind: bb1);
    }

    bb1: {
        storage_dead(self);
        unwind_continue;
    }

    bb2: {
        storage_dead(_4);
        _0 = copy (*_3).is_tunable;
        storage_dead(_3);
        storage_dead(view);
        storage_dead(self);
        return;
    }
}

// Full name: rumoca_ir_dae::model::view::{VariableView<'dae>}::causality
pub fn causality<'dae>(self: VariableView<'dae>) -> VariableCausality
{
    let _0: VariableCausality; // return
    let self: VariableView<'1>; // arg #1
    let view: VariableView<'2>; // local
    let _3: &'4 VariableAttributesWire; // anonymous local
    let _4: VariableView<'5>; // anonymous local

    bb0: {
        storage_live(_0);
        storage_live(view);
        view = copy self;
        fake_read(view);
        storage_live(_3);
        storage_live(_4);
        _4 = copy view;
        _3 = attributes<'6>(move _4) -> bb2 (unwind: bb1);
    }

    bb1: {
        storage_dead(self);
        unwind_continue;
    }

    bb2: {
        storage_dead(_4);
        _0 = copy (*_3).causality;
        storage_dead(_3);
        storage_dead(view);
        storage_dead(self);
        return;
    }
}

// Full name: rumoca_ir_dae::model::view::{VariableView<'dae>}::value_type
pub fn value_type<'dae>(self: VariableView<'dae>) -> &'dae ValueType
{
    let _0: &'1 ValueType; // return
    let self: VariableView<'3>; // arg #1
    let view: VariableView<'4>; // local

    bb0: {
        storage_live(_0);
        storage_live(view);
        view = copy self;
        fake_read(view);
        _0 = copy view.value_type;
        storage_dead(view);
        storage_dead(self);
        return;
    }
}

// Full name: rumoca_ir_dae::expression::value_types::{ValueType}::scalar_type
pub fn scalar_type<'_0>(self: &'_0 ValueType) -> ScalarType
{
    let _0: ScalarType; // return
    let self: &'1 ValueType; // arg #1

    bb0: {
        storage_live(_0);
        _0 = copy (*self).scalar;
        storage_dead(self);
        return;
    }
}

// Full name: rumoca_ir_dae::expression::value_types::{ValueType}::dimensions
pub fn dimensions<'_0>(self: &'_0 ValueType) -> &'_0 [u32]
{
    let _0: &'1 [u32]; // return
    let self: &'3 ValueType; // arg #1
    let _2: &'4 [u32]; // anonymous local
    let _3: &'6 Box<[u32], Global>; // anonymous local
    let _4: &'7 Box<[u32], Global>; // anonymous local

    bb0: {
        storage_live(_0);
        storage_live(_2);
        storage_live(_3);
        storage_live(_4);
        _4 = &(*self).dimensions;
        _3 = &(*_4);
        _2 = deref<'9, [u32], Global>(move _3) -> bb2 (unwind: bb1);
    }

    bb1: {
        storage_dead(self);
        unwind_continue;
    }

    bb2: {
        _0 = &(*_2) with_metadata(copy _2.metadata);
        storage_dead(_4);
        storage_dead(_3);
        storage_dead(_2);
        storage_dead(self);
        return;
    }
}

// Full name: core::convert::{impl Into<U> for T}::into
#[track_caller]
pub fn into<T, U>(_1: T) -> U
where
    TraitClause0: (U: From<T>),
= <opaque>

pub fn rumoca_ir_dae::model::view::{VariableView<'dae>}::scalar_count<'dae>(self: VariableView<'dae>) -> usize
{
    let _0: usize; // return
    let self: VariableView<'1>; // arg #1
    let _2: Option<usize>; // anonymous local
    let _3: &'3 ValueType; // anonymous local
    let _4: &'5 str; // anonymous local
    let _5: &'6 str; // anonymous local

    bb0: {
        storage_live(_0);
        storage_live(_2);
        storage_live(_3);
        _3 = &(*self.value_type);
        _2 = rumoca_ir_dae::expression::value_types::{ValueType}::scalar_count<'9>(move _3) -> bb2 (unwind: bb1);
    }

    bb1: {
        storage_dead(self);
        unwind_continue;
    }

    bb2: {
        storage_dead(_3);
        storage_live(_4);
        storage_live(_5);
        _5 = const "final DAE value type has a checked scalar capacity";
        _4 = &(*_5);
        _0 = expect<'12, usize>(move _2, move _4) -> bb3 (unwind: bb1);
    }

    bb3: {
        storage_dead(_5);
        storage_dead(_4);
        storage_dead(_2);
        storage_dead(self);
        return;
    }
}

#[lang_item(SliceLen)]
pub fn core::slice::{[T]}::len<'_0, T>(_1: &'_0 [T]) -> usize
where
    TypeOutlives0: T: '_0,
= <opaque>

// Full name: core::clone::impls::{impl Clone for usize}::clone
pub fn impl_Clone_for_usize::clone<'_0>(_1: &'_0 usize) -> usize
= <opaque>

// Full name: core::cmp::impls::{impl PartialOrd<usize> for usize}::partial_cmp
pub fn impl_PartialOrd_usize_for_usize::partial_cmp<'_0, '_1>(_1: &'_0 usize, _2: &'_1 usize) -> Option<Ordering>
= <opaque>

// Full name: rumoca_ir_dae::model::view::{DaeView<'dae>}::variables::closure::{impl Destruct for rumoca_ir_dae::model::view::{DaeView<'dae>}::variables::closure<'dae, '_1>}::drop_glue
unsafe fn {impl Destruct for rumoca_ir_dae::model::view::{DaeView<'dae>}::variables::closure<'dae, '_1>}::drop_glue<'dae, '_1, '_2>(_1: &'_2 mut rumoca_ir_dae::model::view::{DaeView<'dae>}::variables::closure<'dae, '_1>)
where
    RegionOutlives0: 'dae: '_2,
    RegionOutlives1: '_1: '_2,
{
    let _0: (); // return
    let _1: &'2 mut rumoca_ir_dae::model::view::{DaeView<'dae>}::variables::closure<'dae, '_1>; // arg #1

    bb0: {
        storage_live(_0);
        _0 = ();
        storage_dead(_1);
        return;
    }
}

// Full name: core::convert::num::ptr_try_from_impls::{impl TryFrom<usize> for u32}::try_from
pub fn try_from(_1: usize) -> Result<u32, TryFromIntError>
= <opaque>

// Full name: core::result::{Result<T, E>}::ok
#[diagnostic_item("result_ok_method")]
pub fn ok<T, E>(_1: Result<T, E>) -> Option<T>
where
    TraitClause0: (T: Destruct),
    TraitClause1: (E: Destruct),
= <opaque>

// Full name: core::option::{impl Try for Option<T>}::branch
pub fn branch<T>(_1: Option<T>) -> ControlFlow<Option<Infallible>, T>
= <opaque>

// Full name: core::bool::{bool}::then
#[diagnostic_item("bool_then")]
pub fn then<T, F>(_1: bool, _2: F) -> Option<T>
where
    TraitClause0: (F: FnOnce<()>),
    TraitClause1: (F: Destruct),
    TypeConstraint0: TraitClause0::Output = T,
= <opaque>

// Full name: core::option::{impl FromResidual<Option<Infallible>> for Option<T>}::from_residual
pub fn from_residual<T>(_1: Option<Infallible>) -> Option<T>
= <opaque>

pub fn rumoca_ir_dae::ids::{VariableId<'dae>}::index<'dae>(self: VariableId<'dae>) -> u32
{
    let _0: u32; // return
    let self: VariableId<'1>; // arg #1

    bb0: {
        storage_live(_0);
        _0 = copy self.raw;
        storage_dead(self);
        return;
    }
}

pub fn core::slice::{[T]}::get<'_0, T, I>(_1: &'_0 [T], _2: I) -> Option<&'_0 TraitClause0::Output>
where
    TraitClause0: (I: SliceIndex<[T]>),
    TypeOutlives0: T: '_0,
    TypeOutlives1: TraitClause0::Output: '_0,
    TypeOutlives2: I: '_0,
= <opaque>

fn rumoca_ir_dae::ids::{ValueTypeId<'dae>}::from_raw<'dae>(raw: u32) -> ValueTypeId<'dae>
{
    let _0: ValueTypeId<'1>; // return
    let raw: u32; // arg #1
    let _2: u32; // anonymous local
    let _3: PhantomData<&'7 mut &'8 ()>; // anonymous local

    bb0: {
        storage_live(_0);
        storage_live(_2);
        _2 = copy raw;
        storage_live(_3);
        _3 = PhantomData {  };
        _0 = ValueTypeId { raw: move _2, brand: move _3 };
        storage_dead(_3);
        storage_dead(_2);
        storage_dead(raw);
        return;
    }
}

// Full name: rumoca_ir_dae::model::view::{DaeView<'dae>}::variable_refinement::closure::{impl Destruct for rumoca_ir_dae::model::view::{DaeView<'dae>}::variable_refinement::closure<'dae>}::drop_glue
unsafe fn {impl Destruct for rumoca_ir_dae::model::view::{DaeView<'dae>}::variable_refinement::closure<'dae>}::drop_glue<'dae, '_1>(_1: &'_1 mut rumoca_ir_dae::model::view::{DaeView<'dae>}::variable_refinement::closure<'dae>)
where
    RegionOutlives0: 'dae: '_1,
{
    let _0: (); // return
    let _1: &'2 mut rumoca_ir_dae::model::view::{DaeView<'dae>}::variable_refinement::closure<'dae>; // arg #1

    bb0: {
        storage_live(_0);
        _0 = ();
        storage_dead(_1);
        return;
    }
}

// Full name: rumoca_ir_dae::model::view::{VariableView<'dae>}::attributes
fn attributes<'dae>(self: VariableView<'dae>) -> &'dae VariableAttributesWire
{
    let _0: &'1 VariableAttributesWire; // return
    let self: VariableView<'3>; // arg #1
    let _2: Arguments<'5>; // anonymous local
    let attributes: &'6 VariableAttributesWire; // local
    let _4: &'8 Option<VariableAttributesWire>; // anonymous local

    bb0: {
        storage_live(_0);
        nop;
        storage_live(_4);
        _4 = &(*self.entry).attributes;
        nop;
        match (*_4) -> Option::Some: bb1, otherwise: bb2;
    }

    bb1: {
        storage_live(attributes);
        attributes = &((*_4) as variant Option::Some)._0;
        storage_dead(_4);
        _0 = &(*attributes);
        storage_dead(attributes);
        nop;
        storage_dead(_2);
        nop;
        storage_dead(self);
        return;
    }

    bb2: {
        storage_dead(_4);
        nop;
        storage_live(_2);
        _2 = from_str_nonconst<'11>(const "internal error: entered unreachable code: final DAE cannot contain an unfilled variable") -> bb4 (unwind: bb3);
    }

    bb3: {
        nop;
        storage_dead(_2);
        nop;
        storage_dead(self);
        unwind_continue;
    }

    bb4: {
        nop;
        storage_dead(_2);
        nop;
        storage_dead(self);
        panic(core::panicking::panic_fmt);
    }
}

// Full name: alloc::boxed::{impl Deref for Box<T, A>}::deref
pub fn deref<'_0, T, A>(_1: &'_0 Box<T, A>) -> &'_0 T
where
    TypeOutlives0: T: '_0,
    TypeOutlives1: A: '_0,
= <opaque>

// Full name: alloc::boxed::convert::{impl From<&'_0 [T]> for Box<[T], Global>}::from
pub fn from<'_0, T>(_1: &'_0 [T]) -> Box<[T], Global>
where
    TraitClause0: (T: Clone),
    TypeOutlives0: T: '_0,
= <opaque>

// Full name: core::clone::impls::{impl Clone for u32}::clone
pub fn impl_Clone_for_u32::clone<'_0>(_1: &'_0 u32) -> u32
= <opaque>

pub fn rumoca_ir_dae::expression::value_types::{ValueType}::scalar_count<'_0>(self: &'_0 ValueType) -> Option<usize>
{
    let _0: Option<usize>; // return
    let self: &'1 ValueType; // arg #1
    let _2: bool; // anonymous local
    let _3: &'3 ScalarType; // anonymous local
    let _4: &'4 ScalarType; // anonymous local
    let _5: &'6 [u32]; // anonymous local
    let _6: &'7 [u32]; // anonymous local
    let _7: &'8 ValueType; // anonymous local
    let _8: &'9 ScalarType; // anonymous local
    let _9: &'10 ScalarType; // anonymous local
    let _10: &'19 ScalarType; // anonymous local
    let _11: ScalarType; // anonymous local

    bb0: {
        storage_live(_9);
        storage_live(_10);
        storage_live(_11);
        _11 = ScalarType::Record {  };
        _10 = &_11;
        _9 = move _10;
        storage_live(_0);
        storage_live(_8);
        nop;
        storage_live(_2);
        storage_live(_3);
        _3 = &(*self).scalar;
        storage_live(_4);
        _8 = move _9;
        _4 = &(*_8);
        _2 = impl_PartialEq_ScalarType_for_ScalarType::eq<'13, '14>(move _3, move _4) -> bb2 (unwind: bb1);
    }

    bb1: {
        storage_dead(_8);
        storage_dead(self);
        unwind_continue;
    }

    bb2: {
        if move _2 -> bb3 else -> bb4;
    }

    bb3: {
        storage_dead(_4);
        storage_dead(_3);
        _0 = Option::None {  };
        storage_dead(_2);
        nop;
        storage_dead(_8);
        storage_dead(self);
        return;
    }

    bb4: {
        storage_dead(_4);
        storage_dead(_3);
        nop;
        storage_dead(_2);
        nop;
        storage_live(_5);
        storage_live(_6);
        storage_live(_7);
        _7 = &(*self);
        _6 = dimensions<'16>(move _7) -> bb5 (unwind: bb1);
    }

    bb5: {
        _5 = &(*_6) with_metadata(copy _6.metadata);
        storage_dead(_7);
        _0 = checked_extent_product<'18>(move _5) -> bb6 (unwind: bb1);
    }

    bb6: {
        storage_dead(_6);
        storage_dead(_5);
        storage_dead(_8);
        storage_dead(self);
        return;
    }
}

// Full name: core::cmp::impls::{impl PartialEq<usize> for usize}::eq
pub fn impl_PartialEq_usize_for_usize::eq<'_0, '_1>(_1: &'_0 usize, _2: &'_1 usize) -> bool
= <opaque>

// Full name: rumoca_ir_dae::model::view::{DaeView<'dae>}::variable_id::{impl FnOnce<()> for rumoca_ir_dae::model::view::{DaeView<'dae>}::variable_id::closure<'dae, '_1>}::call_once
fn {impl FnOnce<()> for rumoca_ir_dae::model::view::{DaeView<'dae>}::variable_id::closure<'dae, '_1>}::call_once<'dae, '_1, '_2>(_1: rumoca_ir_dae::model::view::{DaeView<'dae>}::variable_id::closure<'dae, '_1>, tupled_args: ()) -> VariableId<'_2>
{
    let _0: VariableId<'1>; // return
    let _1: rumoca_ir_dae::model::view::{DaeView<'dae>}::variable_id::closure<'dae, '_1>; // arg #1
    let tupled_args: (); // arg #2
    let _3: u32; // anonymous local

    bb0: {
        storage_live(_0);
        storage_live(_3);
        _3 = copy (*_1._0);
        _0 = rumoca_ir_dae::ids::{VariableId<'dae>}::from_raw<'5>(move _3) -> bb2 (unwind: bb1);
    }

    bb1: {
        storage_dead(tupled_args);
        storage_dead(_1);
        unwind_continue;
    }

    bb2: {
        storage_dead(_3);
        storage_dead(tupled_args);
        storage_dead(_1);
        return;
    }
}

// Full name: core::num::error::TryFromIntError::{impl Destruct for TryFromIntError}::drop_glue
unsafe fn impl_Destruct_for_TryFromIntError::drop_glue<'_0>(_1: &'_0 mut TryFromIntError)
= <opaque>

// Full name: core::option::{impl Try for Option<T>}::from_output
pub fn from_output<T>(_1: T) -> Option<T>
= <opaque>

// Full name: rumoca_ir_dae::model::view::{DaeView<'dae>}::variable_id::closure::{impl Destruct for rumoca_ir_dae::model::view::{DaeView<'dae>}::variable_id::closure<'dae, '_1>}::drop_glue
unsafe fn {impl Destruct for rumoca_ir_dae::model::view::{DaeView<'dae>}::variable_id::closure<'dae, '_1>}::drop_glue<'dae, '_1, '_2>(_1: &'_2 mut rumoca_ir_dae::model::view::{DaeView<'dae>}::variable_id::closure<'dae, '_1>)
where
    RegionOutlives0: 'dae: '_2,
    RegionOutlives1: '_1: '_2,
{
    let _0: (); // return
    let _1: &'2 mut rumoca_ir_dae::model::view::{DaeView<'dae>}::variable_id::closure<'dae, '_1>; // arg #1

    bb0: {
        storage_live(_0);
        _0 = ();
        storage_dead(_1);
        return;
    }
}

// Full name: core::slice::index::{impl SliceIndex<[T]> for usize}::get
pub fn impl_SliceIndex_slice_for_usize::get<'_0, T>(_1: usize, _2: &'_0 [T]) -> Option<&'_0 T>
where
    TypeOutlives0: T: '_0,
= <opaque>

// Full name: core::slice::index::{impl SliceIndex<[T]> for usize}::get_mut
pub fn get_mut<'_0, T>(_1: usize, _2: &'_0 mut [T]) -> Option<&'_0 mut T>
where
    TypeOutlives0: T: '_0,
= <opaque>

// Full name: core::slice::index::{impl SliceIndex<[T]> for usize}::get_unchecked
#[track_caller]
pub unsafe fn get_unchecked<T>(_1: usize, _2: *const [T]) -> *const T
= <opaque>

// Full name: core::slice::index::{impl SliceIndex<[T]> for usize}::get_unchecked_mut
#[track_caller]
pub unsafe fn get_unchecked_mut<T>(_1: usize, _2: *mut [T]) -> *mut T
= <opaque>

// Full name: core::slice::index::{impl SliceIndex<[T]> for usize}::index
pub fn impl_SliceIndex_slice_for_usize::index<'_0, T>(_1: usize, _2: &'_0 [T]) -> &'_0 T
where
    TypeOutlives0: T: '_0,
= <opaque>

// Full name: core::slice::index::{impl SliceIndex<[T]> for usize}::index_mut
pub fn index_mut<'_0, T>(_1: usize, _2: &'_0 mut [T]) -> &'_0 mut T
where
    TypeOutlives0: T: '_0,
= <opaque>

// Full name: core::fmt::{Arguments<'a>}::from_str_nonconst
pub fn from_str_nonconst<'a>(_1: &'static str) -> Arguments<'a>
= <opaque>

// Full name: rumoca_ir_dae::expression::value_types::{impl PartialEq<ScalarType> for ScalarType}::eq
#[inline(hint)]
pub fn impl_PartialEq_ScalarType_for_ScalarType::eq<'_0, '_1>(self: &'_0 ScalarType, other: &'_1 ScalarType) -> bool
{
    let _0: bool; // return
    let self: &'1 ScalarType; // arg #1
    let other: &'2 ScalarType; // arg #2
    let __self_discr: isize; // local
    let _4: &'3 ScalarType; // anonymous local
    let __arg1_discr: isize; // local
    let _6: &'4 ScalarType; // anonymous local
    let _7: isize; // anonymous local
    let _8: isize; // anonymous local

    bb0: {
        storage_live(_0);
        storage_live(__self_discr);
        storage_live(_4);
        _4 = &(*self);
        __self_discr = @discriminant((*_4));
        storage_dead(_4);
        fake_read(__self_discr);
        storage_live(__arg1_discr);
        storage_live(_6);
        _6 = &(*other);
        __arg1_discr = @discriminant((*_6));
        storage_dead(_6);
        fake_read(__arg1_discr);
        storage_live(_7);
        _7 = copy __self_discr;
        storage_live(_8);
        _8 = copy __arg1_discr;
        _0 = move _7 == move _8;
        storage_dead(_8);
        storage_dead(_7);
        storage_dead(__arg1_discr);
        storage_dead(__self_discr);
        storage_dead(other);
        storage_dead(self);
        return;
    }
}

// Full name: rumoca_core::structured_domain::checked_extent_product
pub fn checked_extent_product<'_0>(_1: &'_0 [u32]) -> Option<usize>
= <opaque>

// Full name: core::num::niche_types::{impl Clone for NonZeroUsizeInner}::clone
pub fn impl_Clone_for_NonZeroUsizeInner::clone<'_0>(_1: &'_0 NonZeroUsizeInner) -> NonZeroUsizeInner
= <opaque>

fn rumoca_ir_dae::ids::{VariableId<'dae>}::from_raw<'dae>(raw: u32) -> VariableId<'dae>
{
    let _0: VariableId<'1>; // return
    let raw: u32; // arg #1
    let _2: u32; // anonymous local
    let _3: PhantomData<&'7 mut &'8 ()>; // anonymous local

    bb0: {
        storage_live(_0);
        storage_live(_2);
        _2 = copy raw;
        storage_live(_3);
        _3 = PhantomData {  };
        _0 = VariableId { raw: move _2, brand: move _3 };
        storage_dead(_3);
        storage_dead(_2);
        storage_dead(raw);
        return;
    }
}

// Full name: core::intrinsics::discriminant_value
#[rustc_intrinsic]
pub fn discriminant_value<'_0, T>(v_1: &'_0 T) -> {built_in impl DiscriminantKind for T}::Discriminant
where
    TypeOutlives0: T: '_0,
= <intrinsic:discriminant_value>



    Finished `dev` profile [optimized + debuginfo] target(s) in 8.00s
exit=0
